CUESTIONARIO,Sexo,Estado_civil,Edad,Familia,Nacimiento,Carrera,Semestre,Asist_Clases,Trabajo,Col_Procedencia,Estado_Civil_carrera,Estado_Civil_tesis,Hijos_18,Inicio_tesis,Fin_tesis,Apoyo_fin_u,Apoyo_fin_externo,Apoyo_tutor,Apoyo_estudiantes,Apoyo_personal_u,Conocimientos_prev_u,Cursos_prev,Habilidades_plan_estudio,Cursos_comp,Oport_tesis,Prep_tesis,Prob_cron_tesis,Compromiso_carrera,Mot_parientes,Mot_docentes,Mot_materia,Plan_est,Prev_plan_est,Hab_lectura,Grupo_est,Info_plan,Falta_fin_u,Falta_fin_otros,Curriculum,Proyect_labo,Plan_est_pareja,Cambio_carrera,Apoyo_tutor_deficiente,Disp_tutor,Obst_docente,Obst_docente_2,Hijos_tesis,Prob_pers_tesis,Prob_fam_tesis,Prob_salud_tesis,Prob_otros_tesis,Mat_irrelevante,Def_tesis,Compt_tesis,Obst_data_tesis,Falta_plan_tesis,Falta_comp_tesis,Insegu_fin_tesis,Hab_u,Benef_u,Falta_oport_est,Falta_oport_trabajo,Tutor_Selecci¢n_tesis,Tutor_Contact_labo,Tutor_Contact_labo_2,Tutor_mot_tesis,Tutor_fin_tesis,Tutor_biblo_tesis,Tutor_autonomia_tesis,Recoleccion_data,Tesis_amigos,Contact_egresados,Relevancia_tesis,Pregunt_inv_tesis,Data_inv_tesis,Grupos_inv,Exp_otros,Mot_fin_tesis,Prob_aliment_plan,Prob_sueno_plan,Prob_personales_plan,Prob_salud_fisica,Prob_inseguridad,Prob_comp_tesis,Imagen_social,Presion_social,Falt_int_U,Falt_serv_u,Falt_serv_u_2,Falt_emocional,Malestar_emocional,Dificultad_tesis,Dificultad_tesis_2,Dificultad_tesis_3,Falt_tiempo,Falt_tiempo_A,SemestreOutliers,InicioTesisOutliers,FintesisOutliers,CarreraCuant,Departamento
pre_bol,2,1,22,4,BOLIVIA,COMUNICACI‡N SOCIAL,8,Si,No,Privado,No,No,No,8,9,0,100,77.78,55.56,11.11,11.11,0,22.22,44.44,66.67,55.56,55.56,55.56,77.78,44.44,44.44,77.78,55.56,33.33,22.22,55.56,88.89,0,55.56,66.67,66.67,100,11.11,100,33.33,0,0,11.11,11.11,11.11,44.44,55.56,88.89,66.67,55.56,55.56,55.56,11.11,44.44,55.56,77.78,77.78,100,77.78,55.56,88.89,77.78,77.78,66.67,44.44,44.44,66.67,33.33,88.89,77.78,33.33,33.33,66.67,0,11.11,33.33,11.11,44.44,44.44,44.44,11.11,44.44,77.78,66.67,0, ,11.11,11.11,22.22,77.78,22.22,0,0,0,2,1
pre_bol,2,1,21,5,BOLIVIA,COMUNICACI‡N SOCIAL,8,Si,No,Privado,No,No,No,8,9,55.56,100,88.89,66.67,66.67,66.67,22.22,77.78,55.56,100,100,100,100,100,100,77.78,100,77.78,77.78,22.22,77.78,22.22,22.22,0,0,0,0,22.22,11.11,11.11,0,0,22.22,0,11.11,77.78,11.11,11.11,0,22.22,0,0,0,0,0,0,0,100,66.67,77.78,100,77.78,77.78,66.67,66.67,55.56,55.56,100,100,100,100,100,0,44.44,77.78,44.44,0,33.33,0,55.56,0,0,55.56,44.44,77.78,Depresion,77.78,55.56,66.67,66.67,66.67,0,0,0,2,1
pre_bol,2,1,23,5,BOLIVIA,COMUNICACI‡N SOCIAL,7,Si,Si,Privado,No,No,No,8,9,0,0,44.44,44.44,44.44,44.44,44.44,44.44,44.44,44.44,44.44,44.44,44.44,44.44,44.44,44.44,44.44,44.44,44.44,11.11,44.44,0,0,44.44,44.44,0,0,44.44,0,0,0,0,11.11,0,0,0,0,44.44,0,0,44.44,44.44,44.44,44.44,44.44,44.44,44.44,44.44,44.44,44.44,44.44,44.44,44.44,44.44,44.44,44.44,44.44,44.44,44.44,44.44,44.44,44.44,44.44,44.44,44.44,44.44,44.44,44.44,44.44,44.44,44.44,44.44,44.44,44.44,44.44,FALTA DE APETITO,44.44,44.44,33.33,44.44,44.44,0,0,0,2,1
pre_bol,1,1,22,6,BOLIVIA,COMUNICACI‡N SOCIAL,8,Si,No,Privado,No,No,No,8,9,77.78,0,88.89,44.44,44.44,100,88.89,88.89,66.67,88.89,88.89,88.89,88.89,100,88.89,100,88.89,88.89,88.89,88.89,88.89,11.11,11.11,11.11,11.11,0,0,0,0,0,0,0,0,0,0,0,0,0,0,0,0,0,0,0,0,0,0,100,44.44,66.67,88.89,88.89,100,77.78,66.67,44.44,77.78,77.78,55.56,55.56,33.33,100,0,0,0,0,0,0,0,0,0,0,0,0,0, ,0,0,0,0,0,0,0,0,2,1
pre_bol,2,1,22,5,BOLIVIA,COMUNICACI‡N SOCIAL,8,Si,Si,Privado,No,No,No,8,9,0,77.78,100,0,33.33,55.56,11.11,88.89,44.44,88.89,100,100,100,100,55.56,55.56,100,55.56,33.33,33.33,77.78,0,0,44.44,66.67,44.44,0,0,0,22.22,0,0,0,0,0,55.56,55.56,0,0,22.22,11.11,0,0,0,0,33.33,0,22.22,33.33,22.22,44.44,100,100,100,100,0,100,100,66.67,66.67,22.22,77.78,0,0,88.89,0,0,0,0,0,0,0,100,0,0, ,0,0,0,0,0,0,0,0,2,1
pre_bol,2,1,21,2,BOLIVIA,COMUNICACI‡N SOCIAL,8,Si,No,Privado,No,No,No,8,9,0,100,100,0,0,100,44.44,100,44.44,100,100,100,100,100,100,55.56,100,100,55.56,100,100,0,0,100,100,44.44,0,0,0,0,0,0,0,0,0,0,44.44,100,0,0,0,0,55.56,0,0,0,0,100,44.44,44.44,44.44,44.44,100,100,0,100,100,44.44,44.44,100,100,100,44.44,0,44.44,0,0,0,0,0,0,0,0,0,0, ,0,0,0,0,0,0,0,0,2,1
pre_bol,2,1,27,5,BOLIVIA,COMUNICACI‡N SOCIAL,8,Si,Si,Publico,No,No,Si,8,9,22.22,0,44.44,100,0,33.33,11.11,44.44,44.44,66.67,88.89,66.67,100,100,100,100,100,66.67,44.44,44.44,66.67,100,55.56,100,100,88.89,100,0,100,0,0,0,0,0,0,77.78,0,0,0,0,0,11.11,11.11,11.11,0,77.78,55.56,77.78,22.22,22.22,100,77.78,100,100,77.78,0,100,100,100,100,77.78,77.78,100,100,100,100,0,0,0,0,0,0,0,0,0, ,0,0,0,0,0,0,0,0,2,1
pre_bol,2,1,22,5,ECUADOR,COMUNICACI‡N SOCIAL,8,Si,No,Privado,No,No,No,8,9,0,100,66.67,55.56,77.78,77.78,33.33,77.78,22.22,77.78,88.89,88.89,44.44,100,55.56,88.89,66.67,66.67,0,33.33,44.44,44.44,0,77.78,11.11,44.44,0,22.22,11.11,11.11,11.11,11.11,11.11,11.11,11.11,11.11,11.11,33.33,11.11,11.11,11.11,11.11,11.11,11.11,11.11,11.11,22.22,100,33.33,22.22,33.33,100,88.89,88.89,88.89,22.22,100,44.44,44.44,66.67,88.89,100,11.11,11.11,33.33,22.22,22.22,22.22,11.11,22.22,22.22,22.22,11.11,11.11,11.11, ,11.11,11.11,11.11,11.11,11.11,0,0,0,2,1
pre_bol,2,1,22,7,BOLIVIA,COMUNICACI‡N SOCIAL,9,Si,No,Privado,No,No,No,8,9,22.22,22.22,77.78,33.33,33.33,66.67,66.67,66.67,33.33,44.44,44.44,55.56,66.67,66.67,66.67,66.67,66.67,66.67,55.56,66.67,66.67,55.56,55.56,55.56,55.56,66.67,44.44,44.44,55.56,44.44,55.56,44.44,55.56,44.44,55.56,44.44,55.56,44.44,55.56,44.44,44.44,44.44,55.56,44.44,55.56,44.44,55.56,66.67,66.67,66.67,44.44,44.44,66.67,55.56,66.67,55.56,55.56,44.44,55.56,44.44,55.56,55.56,66.67,66.67,66.67,55.56,44.44,55.56,55.56,44.44,55.56,44.44,55.56,44.44,66.67,Decepcion,66.67,55.56,55.56,44.44,44.44,0,0,0,2,1
pre_bol,2,1,21,6,BOLIVIA,COMUNICACI‡N SOCIAL,8,Si,Si,Privado,No,No,No,8,9,0,55.56,88.89,44.44,77.78,55.56,11.11,77.78,88.89,77.78,66.67,88.89,88.89,88.89,88.89,88.89,77.78,77.78,44.44,77.78,44.44,55.56,11.11,77.78,77.78,77.78,11.11,77.78,11.11,66.67,22.22,0,0,0,0,66.67,88.89,77.78,55.56,55.56,66.67,77.78,55.56,11.11,55.56,55.56,77.78,66.67,88.89,88.89,88.89,77.78,77.78,88.89,77.78,44.44,88.89,55.56,77.78,77.78,55.56,77.78,55.56,44.44,88.89,44.44,44.44,44.44,44.44,77.78,77.78,77.78,77.78,55.56,77.78,Angustia,77.78,77.78,33.33,66.67,55.56,0,0,0,2,1
pre_bol,2,1,22,2,taiwan,COMUNICACI‡N SOCIAL,10,A veces,No,Publico,No,No,No,9,10,11.11,0,0,11.11,0,11.11,11.11,11.11,11.11,11.11,11.11,11.11,11.11,11.11,11.11,11.11,11.11,11.11,11.11,11.11,11.11,22.22,22.22,11.11,11.11,22.22,11.11,11.11,11.11,11.11,11.11,22.22,22.22,22.22,33.33,33.33,33.33,33.33,33.33,33.33,33.33,33.33,33.33,33.33,33.33,33.33,33.33,22.22,22.22,22.22,22.22,22.22,22.22,22.22,22.22,22.22,22.22,22.22,22.22,22.22,22.22,22.22,22.22,22.22,22.22,22.22,22.22,22.22,22.22,22.22,22.22,22.22,22.22,22.22,22.22, ,22.22,22.22,22.22,22.22,22.22,0,0,0,2,1
pre_bol,1,1,26,4,BOLIVIA,COMUNICACI‡N SOCIAL,8,Si,Si,Privado,No,No,No,8,9,88.89,88.89,88.89,77.78,77.78,77.78,88.89,88.89,88.89,88.89,88.89,88.89,88.89,88.89,88.89,88.89,88.89,77.78,88.89,88.89,88.89,33.33,33.33,88.89,88.89,88.89,33.33,11.11,11.11,11.11,11.11,11.11,11.11,11.11,11.11,11.11,11.11,11.11,11.11,11.11,11.11,11.11,11.11,11.11,11.11,11.11,11.11,77.78,77.78,77.78,77.78,77.78,77.78,77.78,77.78,77.78,77.78,77.78,77.78,77.78,77.78,77.78,11.11,11.11,11.11,11.11,11.11,11.11,11.11,11.11,11.11,11.11,11.11,11.11,11.11, ,11.11,11.11,33.33,88.89,88.89,0,0,0,2,1
pre_bol,2,1,22,10,BOLIVIA,COMUNICACI‡N SOCIAL,10,Si,No,Privado,No,No,No,10,11,0,100,100,77.78,77.78,88.89,0,100,77.78,100,100,88.89,100,100,100,88.89,88.89,88.89,88.89,0,77.78,0,0,11.11,11.11,11.11,0,0,0,0,0,0,0,0,0,11.11,0,11.11,0,11.11,0,0,0,0,0,0,0,100,77.78,77.78,100,100,100,88.89,88.89,66.67,77.78,88.89,88.89,88.89,77.78,88.89,0,0,11.11,0,11.11,0,0,0,0,0,77.78,77.78,0, ,22.22,11.11,11.11,11.11,11.11,0,0,0,2,1
pre_bol,1,1,22,3,BOLIVIA,COMUNICACI‡N SOCIAL,8,Si,Si,Privado,No,No,No,8,9,0,88.89,88.89,55.56,33.33,33.33,0,33.33,100,55.56,55.56,44.44,88.89,88.89,0,66.67,77.78,66.67,55.56,0,100,0,11.11,100,55.56,55.56,0,88.89,44.44,0,44.44,0,88.89,44.44,0,100,33.33,88.89,44.44,44.44,44.44,44.44,100,44.44,0,55.56,44.44,100,33.33,33.33,55.56,100,0,55.56,88.89,0,88.89,44.44,88.89,77.78,0,0,11.11,55.56,44.44,100,100,100,88.89,33.33,88.89,88.89,100,100,100,deprecion  drogas,44.44,33.33,44.44,66.67,44.44,0,0,0,2,1
pre_bol,2,1,23,5,BOLIVIA,COMUNICACI‡N SOCIAL,9,Si,No,Privado,No,No,No,9,11,22.22,55.56,55.56,0,0,22.22,55.56,55.56,77.78,77.78,77.78,55.56,77.78,77.78,77.78,77.78,77.78,77.78,66.67,55.56,55.56,0,0,77.78,77.78,33.33,0,33.33,66.67,11.11,11.11,0,11.11,11.11,11.11,77.78,44.44,44.44,44.44,44.44,44.44,11.11,11.11,0,0,11.11,33.33,11.11,11.11,11.11,55.56,55.56,55.56,55.56,44.44,11.11,11.11,11.11,44.44,11.11,11.11,11.11,11.11,11.11,11.11,11.11,11.11,11.11,11.11,11.11,11.11,11.11,11.11,55.56,0, ,22.22,33.33,22.22,100,77.78,0,0,0,2,1
pre_bol,2,1,23,4,BOLIVIA,PSICOLOG÷A,8,Si,No,Privado,No,Si,No,8,9,77.78,77.78,100,66.67,66.67,77.78,0,77.78,100,100,55.56,77.78,100,88.89,55.56,44.44,100,77.78,100,100,66.67,0,22.22,88.89,44.44,88.89,0,55.56,55.56,0,0,0,44.44,44.44,0,0,100,44.44,66.67,0,0,0,0,0,0,77.78,77.78,77.78,44.44,0,0,44.44,44.44,44.44,77.78,44.44,100,100,77.78,77.78,77.78,88.89,44.44,66.67,88.89,100,0,0,66.67,0,44.44,44.44,44.44,44.44,44.44, ,44.44,44.44,44.44,44.44,44.44,0,0,0,12,1
pre_bol,2,1,27,5,BOLIVIA,PSICOLOG÷A,9,Si,Si,Privado,No,No,No,9,10,11.11,44.44,44.44,55.56,33.33,33.33,0,22.22,55.56,55.56,11.11,11.11,22.22,55.56,44.44,44.44,55.56,55.56,22.22,77.78,0,44.44,22.22,77.78,44.44,0,44.44,44.44,44.44,0,0,0,55.56,0,100,33.33,33.33,100,100,88.89,77.78,33.33,66.67,11.11,0,100,100,11.11,0,0,0,44.44,0,44.44,11.11,0,100,0,0,0,0,22.22,11.11,44.44,22.22,0,100,44.44,77.78,66.67,66.67,66.67,100,100,44.44, ,44.44,100,100,100,44.44,0,0,0,12,1
pre_bol,1,1,21,4,BOLIVIA,DERECHO,8,Si,No,Privado,No,No,No,8,9,0,0,66.67,0,77.78,55.56,33.33,100,88.89,100,77.78,55.56,100,55.56,77.78,100,100,55.56,77.78,55.56,0,100,0,77.78,22.22,22.22,0,11.11,11.11,0,0,0,0,0,0,11.11,55.56,55.56,11.11,66.67,55.56,0,0,0,0,44.44,55.56,55.56,22.22,22.22,22.22,77.78,88.89,77.78,44.44,0,100,88.89,77.78,44.44,66.67,66.67,0,0,55.56,0,0,0,0,0,0,66.67,100,22.22,0, ,66.67,66.67,66.67,66.67,44.44,0,0,0,3,1
pre_bol,1,1,23,5,BOLIVIA,DERECHO,9,Si,Si,Privado,No,No,No,9,10,0,0,55.56,88.89,88.89,44.44,11.11,100,100,100,100,100,100,100,100,100,100,100,100,33.33,33.33,33.33,33.33,100,33.33,0,0,0,22.22,0,0,0,0,0,0,44.44,44.44,0,0,55.56,0,0,0,0,0,0,0,0,0,0,55.56,44.44,77.78,66.67,66.67,66.67,66.67,66.67,66.67,66.67,66.67,66.67,66.67,11.11,66.67,66.67,0,0,0,0,0,11.11,66.67,66.67,0, ,66.67,22.22,22.22,55.56,22.22,0,0,0,3,1
pre_bol,2,1,23,5,BOLIVIA,DERECHO,8,Si,No,Privado,No,No,No,8,9,0,100,55.56,66.67,66.67,66.67,0,66.67,77.78,66.67,55.56,55.56,88.89,88.89,88.89,66.67,77.78,66.67,77.78,11.11,55.56,0,0,66.67,66.67,66.67,0,0,0,0,0,0,88.89,0,44.44,66.67,0,0,0,66.67,44.44,0,0,0,0,0,44.44,0,0,88.89,88.89,88.89,88.89,88.89,66.67,66.67,100,100,100,100,0,44.44,77.78,100,100,100,55.56,55.56,0,22.22,44.44,0,100,100,0, ,88.89,66.67,0,77.78,0,0,0,0,3,1
pre_bol,1,1,23,4,BOLIVIA,DERECHO,8,Si,Si,Privado,No,No,No,8,9,0,100,77.78,0,0,100,0,100,55.56,88.89,77.78,66.67,100,77.78,55.56,66.67,55.56,100,77.78,44.44,11.11,66.67,44.44,66.67,66.67,66.67,55.56,11.11,88.89,88.89,66.67,0,88.89,88.89,11.11,100,100,100,0,88.89,33.33,0,0,0,0,100,44.44,33.33,0,0,77.78,100,100,100,11.11,11.11,55.56,44.44,55.56,44.44,55.56,0,100,66.67,66.67,100,66.67,11.11,11.11,11.11,11.11,100,100,0,88.89,Enfado.,11.11,44.44,44.44,100,44.44,0,0,0,3,1
pre_bol,2,1,21,5,ARGENTINA,DERECHO,8,Si,No,Privado,No,No,No,7,8,0,0,33.33,22.22,33.33,66.67,66.67,66.67,66.67,66.67,66.67,66.67,66.67,66.67,66.67,66.67,66.67,66.67,66.67,66.67,66.67,0,0,100,100,100,0,44.44,11.11,55.56,0,0,77.78,77.78,0,77.78,11.11,55.56,33.33,55.56,44.44,22.22,22.22,0,100,100,100,66.67,66.67,66.67,66.67,66.67,66.67,66.67,66.67,66.67,66.67,66.67,66.67,66.67,66.67,66.67,66.67,66.67,66.67,66.67,66.67,66.67,66.67,66.67,66.67,66.67,66.67,66.67,66.67,malestar psicologico y angustia,77.78,77.78,77.78,77.78,77.78,0,0,0,3,1
pre_bol,2,1,22,3,BOLIVIA,DERECHO,8,Si,Si,Privado,No,No,No,8,9,0,100,77.78,77.78,77.78,77.78,0,77.78,55.56,88.89,77.78,88.89,100,77.78,77.78,88.89,88.89,77.78,88.89,55.56,77.78,0,0,88.89,66.67,77.78,22.22,22.22,0,100,0,0,44.44,44.44,44.44,22.22,88.89,66.67,22.22,66.67,33.33,0,0,55.56,0,100,44.44,88.89,77.78,33.33,44.44,88.89,88.89,77.78,55.56,0,88.89,88.89,66.67,66.67,55.56,88.89,0,88.89,77.78,77.78,0,0,0,0,0,66.67,55.56,0,0, ,55.56,66.67,55.56,44.44,55.56,0,0,0,3,1
pre_bol,2,1,22,6,BOLIVIA,DERECHO,8,A veces,No,Privado,No,No,No,8,9,0,55.56,44.44,88.89,77.78,66.67,22.22,77.78,77.78,77.78,77.78,77.78,88.89,88.89,88.89,88.89,88.89,55.56,88.89,88.89,44.44,0,0,77.78,44.44,44.44,100,44.44,44.44,22.22,22.22,0,66.67,66.67,0,0,0,100,55.56,55.56,55.56,22.22,33.33,0,0,0,0,55.56,0,44.44,0,100,33.33,55.56,55.56,0,66.67,0,0,0,55.56,55.56,0,33.33,100,100,33.33,33.33,0,0,0,0,55.56,0,66.67,ansiedad,66.67,55.56,55.56,0,0,0,0,0,3,1
pre_bol,1,2,25,2,BOLIVIA,DERECHO,8,Si,Si,Publico,No,No,No,8,9,0,88.89,44.44,22.22,22.22,77.78,11.11,66.67,22.22,66.67,22.22,33.33,77.78,88.89,77.78,77.78,55.56,55.56,66.67,44.44,11.11,66.67,55.56,88.89,66.67,66.67,44.44,66.67,55.56,55.56,55.56,55.56,66.67,55.56,44.44,55.56,44.44,66.67,33.33,55.56,55.56,44.44,55.56,55.56,22.22,55.56,66.67,88.89,55.56,33.33,66.67,66.67,33.33,66.67,22.22,55.56,33.33,66.67,44.44,33.33,44.44,55.56,44.44,55.56,22.22,77.78,22.22,77.78,33.33,66.67,44.44,33.33,55.56,55.56,66.67,nervios,88.89,66.67,77.78,77.78,66.67,0,0,0,3,1
pre_bol,2,1,21,4,BOLIVIA,DERECHO,8,Si,No,Privado,No,No,No,8,9,0,100,88.89,44.44,0,77.78,0,100,0,88.89,88.89,88.89,100,100,100,100,100,0,100,100,55.56,77.78,44.44,100,100,44.44,0,77.78,100,0,0,0,0,0,0,0,0,100,0,77.78,44.44,0,0,44.44,0,66.67,0,55.56,0,0,44.44,44.44,0,44.44,100,0,0,100,0,44.44,44.44,0,0,0,0,100,0,0,0,0,0,0,100,0,0, ,0,0,0,0,55.56,0,0,0,3,1
pre_bol,2,1,21,5,BOLIVIA,DERECHO,8,Si,No,Publico,No,No,No,8,9,44.44,77.78,88.89,66.67,44.44,66.67,33.33,77.78,44.44,66.67,66.67,77.78,88.89,88.89,88.89,66.67,66.67,66.67,66.67,66.67,44.44,33.33,33.33,88.89,88.89,88.89,44.44,11.11,66.67,33.33,44.44,0,22.22,22.22,33.33,44.44,33.33,66.67,33.33,33.33,33.33,0,0,0,33.33,11.11,0,88.89,55.56,55.56,66.67,66.67,66.67,66.67,66.67,44.44,88.89,88.89,44.44,66.67,44.44,22.22,0,11.11,11.11,66.67,11.11,44.44,11.11,0,0,11.11,44.44,66.67,66.67,estres,44.44,33.33,44.44,66.67,44.44,0,0,0,3,1
pre_bol,1,1,21,5,BOLIVIA,DERECHO,10,Si,No,Publico,No,No,No,9,10,0,0,0,0,0,0,0,0,11.11,0,0,0,44.44,22.22,22.22,88.89,44.44,44.44,33.33,11.11,0,11.11,11.11,55.56,55.56,44.44,22.22,22.22,22.22,22.22,0,0,100,44.44,22.22,22.22,33.33,0,55.56,55.56,55.56,11.11,22.22,77.78,55.56,44.44,44.44,0,0,0,0,0,0,0,0,0,0,66.67,100,100,0,0,11.11,0,11.11,0,0,0,0,0,0,0,0,0,0,ESTRES,11.11,77.78,77.78,100,0,0,0,0,3,1
pre_bol,2,2,25,2,BOLIVIA,DERECHO,8,Si,Si,Privado,Si,Si,No,8,9,0,100,55.56,55.56,33.33,44.44,77.78,66.67,66.67,55.56,66.67,55.56,77.78,77.78,77.78,77.78,66.67,77.78,55.56,55.56,55.56,0,33.33,55.56,55.56,66.67,0,33.33,88.89,66.67,55.56,0,77.78,77.78,44.44,66.67,55.56,88.89,66.67,66.67,77.78,0,22.22,0,0,77.78,66.67,0,11.11,11.11,11.11,11.11,11.11,11.11,22.22,22.22,33.33,33.33,44.44,44.44,44.44,44.44,0,55.56,55.56,100,44.44,44.44,44.44,55.56,55.56,77.78,77.78,77.78,88.89,nervios y dolores de cabeza,55.56,77.78,88.89,77.78,33.33,0,0,0,3,1
pre_bol,1,1,24,4,BOLIVIA,DERECHO,9,Si,No,Privado,No,Si,No,8,9,0,100,88.89,44.44,44.44,88.89,77.78,33.33,55.56,44.44,33.33,44.44,77.78,55.56,77.78,33.33,33.33,33.33,88.89,66.67,66.67,0,55.56,88.89,55.56,44.44,0,0,0,11.11,0,0,44.44,66.67,11.11,33.33,33.33,44.44,44.44,44.44,55.56,44.44,33.33,44.44,44.44,44.44,44.44,55.56,44.44,44.44,55.56,55.56,77.78,44.44,33.33,55.56,55.56,44.44,44.44,66.67,44.44,55.56,55.56,44.44,55.56,100,0,0,55.56,22.22,33.33,55.56,55.56,44.44,0, ,0,0,0,100,33.33,0,0,0,3,1
pre_bol,1,1,22,4,BOLIVIA,DERECHO,9,Si,No,Privado,No,No,No,9,10,0,100,0,77.78,44.44,100,77.78,100,100,100,77.78,77.78,100,100,100,100,100,100,77.78,88.89,100,0,0,44.44,0,77.78,0,0,22.22,0,0,0,0,0,0,0,33.33,11.11,0,0,0,0,0,0,0,22.22,0,0,0,0,0,0,0,0,55.56,66.67,88.89,88.89,66.67,55.56,44.44,77.78,0,0,0,0,0,0,0,0,0,0,100,100,0, ,33.33,22.22,33.33,33.33,0,0,0,0,3,1
pre_bol,1,1,27,4,BOLIVIA,DERECHO,8,Si,Si,Privado,No,No,No,8,9,22.22,44.44,100,22.22,44.44,33.33,44.44,44.44,22.22,77.78,66.67,66.67,66.67,66.67,44.44,22.22,11.11,22.22,88.89,22.22,66.67,44.44,66.67,33.33,33.33,22.22,55.56,0,44.44,55.56,44.44,11.11,22.22,0,0,100,100,55.56,22.22,44.44,33.33,44.44,33.33,22.22,22.22,22.22,55.56,100,66.67,66.67,66.67,88.89,77.78,77.78,77.78,66.67,77.78,77.78,77.78,77.78,66.67,77.78,77.78,66.67,33.33,44.44,55.56,66.67,55.56,66.67,77.78,66.67,100,77.78,77.78, ,55.56,33.33,33.33,22.22,0,0,0,0,3,1
pre_bol,2,1,25,5,BOLIVIA,DERECHO,8,Si,No,Privado,No,Si,No,8,9,0,0,55.56,0,0,44.44,0,44.44,0,33.33,44.44,11.11,100,100,55.56,55.56,44.44,44.44,44.44,44.44,0,55.56,55.56,66.67,66.67,44.44,0,11.11,0,33.33,0,0,100,0,77.78,88.89,66.67,100,11.11,88.89,44.44,0,11.11,33.33,0,33.33,44.44,44.44,11.11,11.11,11.11,33.33,33.33,33.33,33.33,33.33,33.33,33.33,33.33,33.33,22.22,22.22,22.22,22.22,66.67,22.22,22.22,22.22,22.22,22.22,22.22,22.22,22.22,22.22,22.22,DESESPERACION,77.78,77.78,77.78,77.78,77.78,0,0,0,3,1
pre_bol,2,1,25,5,BOLIVIA,DERECHO,8,Si,No,Privado,No,No,No,8,9,0,44.44,44.44,11.11,0,55.56,11.11,33.33,0,0,11.11,11.11,55.56,66.67,66.67,55.56,44.44,44.44,44.44,44.44,11.11,0,22.22,22.22,22.22,33.33,0,0,11.11,0,0,0,55.56,44.44,44.44,55.56,55.56,100,11.11,55.56,44.44,44.44,33.33,33.33,0,22.22,33.33,100,11.11,0,0,0,33.33,22.22,11.11,0,44.44,0,0,0,0,0,11.11,11.11,33.33,100,11.11,44.44,22.22,11.11,0,44.44,66.67,66.67,77.78,frustracion,22.22,66.67,55.56,77.78,0,0,0,0,3,1
"pre_bol,1,1,23,7,BOLIVIA,DERECHO,8,Si,No,Privado,No,No,No,8,9,0,0,44.44,0,55.56,77.78,11.11,66.67,77.78,0,0,0,100,100,100,100,88.89,88.89,100,100,100,11.11,11.11,88.89,100,100,88.89,22.22,22.22,100,0,0,0,88.89,100,22.22,88.89,100,22.22,100,77.78,11.11,11.11,0,0,0,0,88.89,77.78,66.67,77.78,77.78,77.78,66.67,66.67,77.78,66.67,77.78,66.67,77.78,66.67,77.78,66.67,77.78,66.67,66.67,66.67,77.78,66.67,66.67,88.89,44.44,77.78,55.56,100,""Ansiedad, nerviosismo al 150%"",100,88.89,100,100,55.56,0,0,0,3,1"
pre_bol,1,1,22,4,BOLIVIA,DERECHO,8,A veces,Si,Privado,No,No,No,8,9,100,44.44,44.44,33.33,100,33.33,0,22.22,11.11,44.44,11.11,11.11,55.56,55.56,22.22,55.56,44.44,44.44,22.22,44.44,33.33,11.11,44.44,33.33,44.44,55.56,33.33,22.22,44.44,33.33,33.33,44.44,66.67,100,88.89,44.44,33.33,44.44,22.22,55.56,55.56,22.22,33.33,44.44,33.33,33.33,33.33,22.22,33.33,55.56,66.67,77.78,55.56,77.78,77.78,77.78,22.22,44.44,44.44,44.44,44.44,33.33,55.56,44.44,22.22,77.78,44.44,55.56,22.22,33.33,77.78,33.33,44.44,55.56,55.56,Un fuerte accidente que no fue entendido por mis docentes en la universidad,44.44,100,88.89,66.67,33.33,0,0,0,3,1
pre_bol,1,1,22,3,BOLIVIA,DERECHO,8,A veces,No,Privado,No,No,No,8,9,22.22,22.22,55.56,22.22,66.67,22.22,11.11,55.56,11.11,55.56,22.22,55.56,44.44,44.44,55.56,66.67,33.33,33.33,33.33,77.78,33.33,33.33,11.11,44.44,55.56,22.22,0,33.33,66.67,11.11,11.11,0,0,0,0,44.44,22.22,66.67,22.22,66.67,66.67,33.33,33.33,55.56,0,44.44,0,22.22,22.22,11.11,22.22,44.44,22.22,22.22,22.22,11.11,88.89,44.44,44.44,22.22,11.11,11.11,11.11,11.11,55.56,0,0,0,0,0,0,0,0,0,0, ,0,0,0,0,0,0,0,0,3,1
pre_bol,2,1,21,5,BOLIVIA,DERECHO,8,A veces,Si,Privado,No,No,No,8,9,0,100,33.33,0,77.78,0,0,66.67,0,77.78,0,55.56,100,100,100,100,22.22,66.67,88.89,33.33,0,11.11,0,88.89,77.78,0,0,22.22,22.22,77.78,0,0,0,0,0,0,0,77.78,77.78,88.89,88.89,11.11,77.78,77.78,11.11,77.78,22.22,66.67,11.11,22.22,11.11,55.56,22.22,33.33,33.33,33.33,55.56,55.56,66.67,66.67,77.78,66.67,22.22,77.78,66.67,0,11.11,88.89,100,11.11,66.67,66.67,100,100,100,tristeza,66.67,66.67,55.56,100,88.89,0,0,0,3,1
pre_bol,2,1,23,5,BOLIVIA,DERECHO,8,Si,Si,Privado,No,No,No,8,9,0,100,0,0,0,44.44,11.11,11.11,22.22,11.11,22.22,22.22,22.22,44.44,44.44,33.33,44.44,33.33,33.33,33.33,33.33,11.11,22.22,33.33,22.22,33.33,33.33,33.33,33.33,33.33,33.33,33.33,33.33,33.33,33.33,44.44,33.33,33.33,33.33,33.33,33.33,44.44,33.33,33.33,44.44,33.33,44.44,33.33,33.33,44.44,44.44,33.33,44.44,33.33,33.33,33.33,33.33,33.33,33.33,33.33,33.33,44.44,33.33,33.33,44.44,33.33,33.33,22.22,33.33,22.22,22.22,33.33,33.33,33.33,33.33,depresion,33.33,33.33,33.33,33.33,33.33,0,0,0,3,1
pre_bol,1,1,22,4,BOLIVIA,DERECHO,8,Si,No,Privado,No,No,No,8,9,0,66.67,55.56,55.56,33.33,66.67,22.22,66.67,33.33,55.56,55.56,55.56,66.67,100,44.44,44.44,11.11,44.44,77.78,44.44,11.11,22.22,11.11,44.44,33.33,33.33,22.22,22.22,22.22,33.33,33.33,33.33,33.33,33.33,33.33,33.33,44.44,44.44,33.33,33.33,55.56,11.11,22.22,77.78,44.44,33.33,22.22,11.11,22.22,33.33,33.33,22.22,22.22,33.33,33.33,33.33,33.33,44.44,33.33,44.44,44.44,44.44,44.44,33.33,44.44,44.44,33.33,44.44,55.56,55.56,55.56,66.67,66.67,66.67,77.78,senti enloquecer,66.67,66.67,66.67,66.67,66.67,0,0,0,3,1
pre_bol,1,1,25,4,BOLIVIA,DERECHO,9,Si,No,Publico,No,No,No,9,10,0,0,11.11,22.22,22.22,22.22,11.11,11.11,11.11,0,0,0,55.56,44.44,44.44,77.78,77.78,11.11,100,0,11.11,0,11.11,11.11,11.11,0,0,77.78,77.78,77.78,11.11,0,0,33.33,100,100,100,77.78,100,100,100,77.78,88.89,88.89,0,0,77.78,22.22,22.22,0,0,0,0,11.11,11.11,11.11,11.11,11.11,22.22,11.11,11.11,11.11,88.89,11.11,11.11,11.11,88.89,88.89,88.89,88.89,11.11,11.11,11.11,11.11,100,stress,33.33,22.22,22.22,100,0,0,0,0,3,1
pre_bol,2,1,24,4,BOLIVIA,DERECHO,9,Si,No,Privado,No,No,No,8,9,0,100,11.11,44.44,44.44,44.44,55.56,55.56,88.89,88.89,66.67,11.11,55.56,100,100,100,100,55.56,55.56,55.56,11.11,88.89,66.67,77.78,77.78,77.78,77.78,77.78,77.78,77.78,22.22,100,100,100,88.89,66.67,66.67,66.67,77.78,77.78,77.78,77.78,77.78,77.78,0,0,0,11.11,11.11,11.11,66.67,77.78,11.11,33.33,44.44,44.44,44.44,44.44,44.44,44.44,44.44,44.44,44.44,44.44,44.44,44.44,44.44,44.44,66.67,55.56,55.56,55.56,55.56,88.89,88.89, ,55.56,88.89,88.89,88.89,88.89,0,0,0,3,1
pre_bol,2,1,23,4,BOLIVIA,DERECHO,10,Si,No,Privado,No,No,No,9,10,0,0,66.67,0,44.44,44.44,0,0,0,100,55.56,11.11,88.89,55.56,0,100,100,0,88.89,55.56,0,100,0,100,44.44,66.67,0,22.22,44.44,100,0,0,55.56,100,100,100,100,100,100,100,100,44.44,100,44.44,0,44.44,66.67,44.44,100,100,100,100,100,100,66.67,44.44,100,100,100,100,0,0,66.67,0,0,0,0,0,44.44,0,0,0,0,33.33,33.33,estres,33.33,100,100,100,100,0,0,0,3,1
pre_bol,1,1,37,5,BOLIVIA,DERECHO,9,Si,Si,Privado,No,Si,Si,7,9,11.11,100,77.78,77.78,77.78,44.44,11.11,44.44,11.11,44.44,77.78,33.33,55.56,55.56,55.56,66.67,66.67,33.33,44.44,44.44,55.56,100,77.78,66.67,66.67,66.67,0,33.33,100,11.11,0,55.56,44.44,44.44,44.44,11.11,44.44,88.89,55.56,88.89,55.56,77.78,66.67,55.56,55.56,55.56,55.56,66.67,77.78,77.78,77.78,77.78,66.67,66.67,55.56,55.56,55.56,66.67,66.67,66.67,66.67,55.56,55.56,55.56,55.56,55.56,55.56,66.67,66.67,55.56,55.56,55.56,66.67,66.67,66.67,la verdad problemas de todo ambito y problemas con mi tema por la nnueva legislacion  y bueno tambien la bendicion de el nacimiento de mi hijita,88.89,88.89,88.89,88.89,88.89,0,0,0,3,1
pre_bol,2,2,30,2,BOLIVIA,DERECHO,9,Si,Si,Privado,No,No,No,7,9,0,0,44.44,44.44,55.56,77.78,77.78,77.78,77.78,66.67,77.78,66.67,77.78,100,88.89,77.78,77.78,77.78,77.78,77.78,22.22,88.89,44.44,77.78,77.78,66.67,11.11,77.78,88.89,55.56,55.56,0,22.22,22.22,33.33,55.56,55.56,100,77.78,77.78,77.78,11.11,11.11,11.11,11.11,11.11,44.44,11.11,11.11,11.11,11.11,22.22,11.11,11.11,11.11,22.22,33.33,33.33,33.33,33.33,44.44,44.44,11.11,0,100,100,88.89,77.78,100,88.89,22.22,77.78,100,100,88.89, ,88.89,88.89,77.78,77.78,77.78,0,0,0,3,1
pre_bol,2,1,21,4,BOLIVIA,PSICOLOG÷A,10,Si,No,Privado,No,No,No,8,10,100,0,100,44.44,0,11.11,33.33,100,77.78,100,88.89,88.89,0,100,100,100,100,55.56,55.56,0,44.44,0,0,100,55.56,0,0,0,0,33.33,0,0,0,0,0,0,44.44,33.33,77.78,0,0,0,0,0,0,0,100,44.44,0,0,55.56,100,100,100,100,33.33,100,33.33,33.33,44.44,44.44,88.89,0,0,0,0,0,0,0,0,0,0,0,0,0,ninguno,0,0,0,0,0,0,0,0,12,1
pre_bol,1,1,23,4,BOLIVIA,COMUNICACI‡N SOCIAL,9,Si,No,Privado,No,No,No,8,9,0,100,66.67,0,0,33.33,0,66.67,11.11,66.67,55.56,22.22,22.22,33.33,11.11,33.33,11.11,11.11,44.44,0,11.11,22.22,0,11.11,11.11,88.89,0,22.22,0,100,11.11,0,100,44.44,66.67,100,100,77.78,77.78,66.67,44.44,11.11,66.67,44.44,11.11,88.89,100,77.78,44.44,22.22,33.33,100,66.67,100,77.78,11.11,22.22,55.56,44.44,44.44,11.11,11.11,77.78,44.44,100,100,0,0,55.56,11.11,11.11,11.11,100,100,55.56,Ansiedad,0,100,77.78,88.89,0,0,0,0,2,1
pre_bol,1,1,27,8,BOLIVIA,COMUNICACI‡N SOCIAL,9,Si,Si,Privado,No,No,No,10,11,0,77.78,77.78,22.22,0,77.78,11.11,66.67,66.67,66.67,66.67,66.67,66.67,66.67,55.56,55.56,55.56,44.44,55.56,55.56,55.56,0,0,77.78,33.33,77.78,0,0,33.33,0,0,0,66.67,66.67,0,66.67,33.33,55.56,44.44,44.44,44.44,44.44,0,0,0,33.33,55.56,77.78,0,0,66.67,100,77.78,77.78,66.67,0,66.67,66.67,66.67,66.67,0,55.56,0,0,88.89,77.78,22.22,55.56,11.11,0,77.78,0,66.67,55.56,66.67,ansiedad,66.67,55.56,44.44,66.67,0,0,0,0,2,1
pre_bol,1,1,22,10,ESPANA,COMUNICACI‡N SOCIAL,10,Si,Si,Privado,No,No,No,8,10,33.33,66.67,88.89,55.56,0,44.44,22.22,55.56,44.44,66.67,0,88.89,66.67,55.56,77.78,77.78,55.56,33.33,100,44.44,55.56,44.44,0,88.89,88.89,88.89,77.78,11.11,11.11,100,77.78,0,0,0,33.33,77.78,100,33.33,33.33,77.78,33.33,11.11,44.44,77.78,44.44,55.56,66.67,66.67,55.56,66.67,77.78,88.89,88.89,77.78,33.33,55.56,88.89,77.78,55.56,77.78,88.89,88.89,33.33,100,100,100,66.67,77.78,66.67,22.22,22.22,100,66.67,77.78,0, ,77.78,11.11,22.22,55.56,44.44,0,0,0,2,1
pre_bol,2,1,24,6,BOLIVIA,COMUNICACI‡N SOCIAL,9,Si,No,Publico,No,No,No,8,9,0,100,88.89,11.11,66.67,44.44,0,66.67,66.67,88.89,88.89,88.89,88.89,88.89,88.89,88.89,88.89,11.11,77.78,77.78,100,77.78,77.78,100,100,88.89,100,88.89,88.89,88.89,11.11,0,22.22,22.22,0,0,0,22.22,0,55.56,22.22,0,88.89,22.22,0,55.56,22.22,0,0,0,22.22,100,11.11,66.67,66.67,100,100,77.78,100,88.89,88.89,44.44,0,0,100,44.44,11.11,55.56,22.22,100,66.67,11.11,33.33,66.67,55.56,estres,22.22,22.22,22.22,100,55.56,0,0,0,2,1
pre_bol,2,1,22,3,BOLIVIA,COMUNICACI‡N SOCIAL,10,A veces,No,Privado,No,No,No,9,10,0,0,77.78,44.44,11.11,77.78,0,66.67,77.78,77.78,77.78,77.78,66.67,55.56,55.56,55.56,22.22,22.22,55.56,11.11,55.56,0,0,88.89,77.78,66.67,77.78,11.11,77.78,22.22,0,0,77.78,66.67,22.22,44.44,66.67,77.78,44.44,33.33,66.67,33.33,55.56,11.11,11.11,11.11,66.67,77.78,66.67,22.22,22.22,88.89,77.78,77.78,55.56,33.33,77.78,77.78,44.44,33.33,0,66.67,22.22,0,0,66.67,22.22,66.67,66.67,22.22,0,66.67,11.11,88.89,88.89,Frustraciïn,77.78,77.78,66.67,77.78,66.67,0,0,0,2,1
pre_bol,1,1,27,6,BOLIVIA,COMUNICACI‡N SOCIAL,10,Si,Si,Privado,No,No,No,9,10,0,100,77.78,77.78,77.78,77.78,77.78,77.78,77.78,77.78,77.78,77.78,77.78,77.78,77.78,77.78,77.78,77.78,77.78,77.78,77.78,77.78,77.78,77.78,77.78,77.78,77.78,77.78,77.78,77.78,77.78,77.78,77.78,77.78,77.78,77.78,77.78,77.78,77.78,77.78,77.78,77.78,77.78,77.78,77.78,77.78,77.78,77.78,77.78,77.78,77.78,77.78,77.78,77.78,77.78,77.78,77.78,77.78,77.78,77.78,77.78,77.78,77.78,77.78,77.78,77.78,77.78,77.78,77.78,77.78,77.78,77.78,77.78,77.78,77.78,Depresi¢n,100,100,100,100,100,0,0,0,2,1
"pre_bol,2,1,30,5,USA,COMUNICACI‡N SOCIAL,10,Si,Si,Privado,No,No,No,9,10,0,100,100,44.44,0,22.22,22.22,22.22,0,55.56,44.44,44.44,100,100,0,0,100,44.44,88.89,44.44,11.11,66.67,66.67,44.44,88.89,88.89,0,0,0,22.22,0,55.56,22.22,22.22,22.22,22.22,77.78,66.67,77.78,55.56,55.56,0,44.44,0,0,55.56,44.44,22.22,22.22,22.22,55.56,100,66.67,44.44,44.44,11.11,77.78,55.56,11.11,11.11,11.11,11.11,0,0,77.78,88.89,66.67,66.67,66.67,66.67,66.67,44.44,100,66.67,100,""Ansiedad, estres"",77.78,77.78,77.78,77.78,22.22,0,0,0,2,1"
pre_bol,2,1,22,4,BOLIVIA,COMUNICACI‡N SOCIAL,10,Si,Si,Privado,No,No,No,9,10,66.67,100,33.33,0,0,66.67,0,66.67,77.78,0,44.44,77.78,100,100,100,77.78,100,22.22,33.33,33.33,33.33,33.33,33.33,77.78,0,100,0,55.56,0,0,0,0,0,0,0,44.44,100,0,44.44,77.78,44.44,0,33.33,0,55.56,55.56,66.67,88.89,0,0,0,55.56,22.22,100,77.78,0,100,100,100,100,0,0,0,0,33.33,11.11,0,0,11.11,0,0,0,22.22,0,0, ,0,0,0,11.11,0,0,0,0,2,1
pre_bol,1,1,25,3,BOLIVIA,COMUNICACI‡N SOCIAL,9,Si,Si,Privado,No,No,No,8,9,0,100,33.33,55.56,0,88.89,88.89,55.56,100,55.56,88.89,55.56,66.67,0,22.22,44.44,100,100,100,100,44.44,100,0,88.89,88.89,88.89,0,33.33,11.11,88.89,100,0,100,0,100,0,55.56,33.33,0,0,44.44,100,22.22,0,100,66.67,66.67,0,0,0,100,100,33.33,100,77.78,100,100,100,100,100,88.89,88.89,11.11,44.44,44.44,100,33.33,0,0,0,0,100,100,0,0, ,66.67,88.89,88.89,100,77.78,0,0,0,2,1
pre_bol,2,1,22,5,BOLIVIA,COMUNICACI‡N SOCIAL,9,Si,No,Privado,No,No,No,8,9,0,55.56,22.22,11.11,11.11,55.56,33.33,44.44,77.78,55.56,33.33,11.11,66.67,66.67,77.78,88.89,55.56,44.44,66.67,44.44,11.11,100,44.44,77.78,88.89,77.78,22.22,77.78,88.89,33.33,33.33,0,66.67,88.89,77.78,88.89,44.44,100,44.44,100,88.89,0,55.56,0,0,22.22,66.67,11.11,11.11,0,0,55.56,0,33.33,22.22,22.22,100,22.22,0,0,22.22,77.78,0,22.22,88.89,100,66.67,88.89,77.78,66.67,55.56,33.33,100,100,100,ansiedad y malestar emocional,22.22,66.67,77.78,88.89,44.44,0,0,0,2,1
pre_bol,1,1,36,7,BOLIVIA,COMUNICACI‡N SOCIAL,9,Si,Si,Privado,No,No,No,8,9,100,0,55.56,77.78,55.56,100,100,100,100,44.44,77.78,11.11,55.56,88.89,88.89,22.22,88.89,44.44,55.56,88.89,0,11.11,44.44,100,100,100,0,55.56,77.78,0,55.56,0,66.67,44.44,0,44.44,100,100,22.22,100,55.56,0,55.56,55.56,0,0,100,44.44,11.11,0,0,0,44.44,100,88.89,88.89,88.89,100,100,100,0,100,88.89,11.11,100,66.67,66.67,77.78,33.33,88.89,66.67,55.56,55.56,55.56,0, ,0,66.67,66.67,66.67,11.11,0,0,0,2,1
pre_bol,2,1,21,4,BOLIVIA,PSICOLOG÷A,10,Si,No,Publico,No,No,No,10,11,66.67,100,77.78,0,0,100,0,100,0,66.67,77.78,44.44,100,100,100,100,66.67,88.89,88.89,33.33,100,0,0,100,44.44,0,0,0,0,0,0,0,0,0,0,0,22.22,44.44,0,22.22,0,0,0,0,0,0,0,0,0,0,0,88.89,66.67,66.67,22.22,0,55.56,55.56,0,0,44.44,44.44,0,0,0,0,0,0,0,0,0,66.67,100,100,0, ,0,11.11,0,0,0,0,0,0,12,1
pre_bol,1,1,24,11,BOLIVIA,PSICOLOG÷A,9,A veces,Si,Privado,No,No,No,9,10,0,100,100,66.67,77.78,55.56,44.44,66.67,55.56,88.89,66.67,88.89,77.78,77.78,77.78,88.89,55.56,55.56,33.33,66.67,77.78,77.78,77.78,55.56,77.78,66.67,88.89,88.89,88.89,55.56,77.78,0,22.22,22.22,33.33,88.89,77.78,66.67,77.78,77.78,55.56,77.78,66.67,33.33,44.44,22.22,66.67,88.89,66.67,88.89,100,100,88.89,88.89,66.67,66.67,77.78,44.44,55.56,55.56,0,22.22,77.78,11.11,44.44,22.22,22.22,22.22,22.22,22.22,22.22,22.22,22.22,22.22,22.22, ,33.33,33.33,33.33,33.33,33.33,0,0,0,12,1
pre_bol,2,1,24,3,BOLIVIA,PSICOLOG÷A,9,Si,No,Privado,No,No,No,9,10,0,100,11.11,100,0,77.78,77.78,33.33,100,100,100,100,88.89,100,0,66.67,100,100,100,100,0,100,0,100,77.78,0,100,55.56,100,100,0,0,0,0,0,0,100,0,0,0,0,0,0,0,0,100,100,0,0,0,0,0,88.89,88.89,44.44,0,0,100,100,100,0,0,0,0,0,0,0,0,0,0,0,100,0,100,0, ,0,0,0,0,0,0,0,0,12,1
pre_bol,2,1,23,2,BOLIVIA,PSICOLOG÷A,8,Si,No,Privado,No,No,No,7,8,0,44.44,55.56,100,88.89,88.89,77.78,77.78,88.89,66.67,66.67,77.78,88.89,88.89,88.89,44.44,66.67,66.67,100,33.33,11.11,44.44,44.44,100,66.67,66.67,0,33.33,0,66.67,22.22,0,88.89,88.89,88.89,100,44.44,100,11.11,77.78,77.78,22.22,22.22,22.22,22.22,22.22,22.22,66.67,33.33,11.11,33.33,66.67,11.11,88.89,11.11,100,88.89,11.11,22.22,0,11.11,77.78,88.89,77.78,100,100,22.22,0,0,0,0,0,100,100,0, ,44.44,44.44,66.67,66.67,44.44,0,0,0,12,1
pre_bol,2,1,24,4,BOLIVIA,PSICOLOG÷A,9,Si,Si,Privado,Si,No,No,8,9,0,0,33.33,0,0,22.22,0,0,22.22,44.44,66.67,66.67,77.78,88.89,66.67,44.44,33.33,22.22,22.22,77.78,44.44,66.67,55.56,77.78,77.78,77.78,22.22,44.44,22.22,66.67,11.11,11.11,66.67,100,100,44.44,22.22,66.67,22.22,55.56,44.44,11.11,0,0,0,22.22,44.44,0,0,0,44.44,44.44,0,44.44,77.78,44.44,44.44,11.11,11.11,11.11,0,22.22,0,88.89,100,100,44.44,100,22.22,44.44,44.44,88.89,100,100,0, ,44.44,33.33,33.33,11.11,0,0,0,0,12,1
pre_bol,2,1,22,5,BOLIVIA,PSICOLOG÷A,10,Si,Si,Privado,No,No,No,9,10,0,100,77.78,44.44,44.44,44.44,0,88.89,55.56,100,88.89,88.89,100,88.89,66.67,44.44,66.67,66.67,100,100,33.33,11.11,0,100,66.67,44.44,0,0,66.67,11.11,11.11,0,22.22,0,55.56,11.11,33.33,44.44,22.22,66.67,44.44,0,11.11,0,0,22.22,33.33,0,44.44,0,22.22,77.78,44.44,22.22,44.44,77.78,100,77.78,0,0,55.56,55.56,0,33.33,33.33,66.67,0,0,0,0,44.44,77.78,100,100,0, ,44.44,22.22,66.67,11.11,0,0,0,0,12,1
pre_bol,2,1,23,6,CHILE,PSICOLOG÷A,10,Si,No,Privado,No,No,Si,9,10,11.11,11.11,55.56,55.56,55.56,44.44,66.67,33.33,77.78,77.78,77.78,77.78,77.78,77.78,77.78,77.78,77.78,77.78,77.78,77.78,77.78,88.89,77.78,77.78,77.78,77.78,22.22,22.22,22.22,22.22,22.22,22.22,88.89,88.89,88.89,88.89,22.22,88.89,88.89,88.89,88.89,11.11,88.89,88.89,88.89,11.11,11.11,22.22,22.22,22.22,22.22,88.89,88.89,11.11,11.11,11.11,11.11,11.11,11.11,88.89,88.89,77.78,11.11,77.78,77.78,77.78,11.11,11.11,11.11,11.11,11.11,11.11,11.11,11.11,11.11, ,11.11,88.89,77.78,77.78,77.78,0,0,0,12,1
pre_bol,2,1,23,4,BOLIVIA,PSICOLOG÷A,9,Si,Si,Privado,No,No,No,8,9,0,100,77.78,55.56,55.56,55.56,55.56,55.56,55.56,55.56,55.56,55.56,33.33,33.33,33.33,55.56,55.56,55.56,88.89,88.89,88.89,55.56,55.56,77.78,55.56,55.56,55.56,55.56,55.56,55.56,55.56,55.56,55.56,55.56,55.56,55.56,55.56,55.56,55.56,55.56,55.56,55.56,55.56,55.56,55.56,55.56,55.56,55.56,55.56,55.56,55.56,55.56,55.56,55.56,55.56,55.56,55.56,55.56,55.56,55.56,66.67,55.56,44.44,55.56,55.56,55.56,55.56,55.56,55.56,55.56,55.56,55.56,55.56,66.67,66.67,MAL ACUERDO CON LOS DOCENTES,55.56,55.56,55.56,55.56,55.56,0,0,0,12,1
pre_bol,2,2,27,2,BOLIVIA,PSICOLOG÷A,10,Si,Si,Privado,Si,Si,No,9,10,0,55.56,88.89,44.44,11.11,44.44,44.44,88.89,77.78,77.78,77.78,77.78,77.78,100,55.56,77.78,77.78,77.78,55.56,55.56,22.22,44.44,44.44,44.44,44.44,44.44,66.67,66.67,11.11,66.67,11.11,11.11,88.89,88.89,11.11,44.44,44.44,88.89,55.56,77.78,44.44,33.33,55.56,11.11,44.44,44.44,22.22,11.11,11.11,11.11,77.78,88.89,88.89,88.89,88.89,88.89,88.89,77.78,77.78,66.67,44.44,44.44,77.78,66.67,66.67,66.67,22.22,44.44,66.67,77.78,77.78,66.67,77.78,77.78,88.89, ,66.67,66.67,66.67,66.67,66.67,0,0,0,12,1
"pre_bol,2,1,24,7,BOLIVIA,PSICOLOG÷A,11,Si,Si,Privado,No,No,No,10,11,0,22.22,0,44.44,0,22.22,66.67,33.33,22.22,0,22.22,44.44,44.44,0,11.11,11.11,33.33,33.33,22.22,22.22,33.33,0,0,22.22,11.11,11.11,0,100,100,77.78,100,100,0,33.33,0,55.56,44.44,100,33.33,44.44,11.11,44.44,33.33,77.78,100,77.78,88.89,100,100,100,100,100,100,77.78,77.78,0,33.33,11.11,11.11,55.56,55.56,55.56,55.56,55.56,22.22,11.11,22.22,0,33.33,0,55.56,0,88.89,88.89,88.89,""regresi¢n a cuando todo era mas f†cil, tristeza"",66.67,77.78,77.78,77.78,33.33,0,0,0,12,1"
pre_bol,1,1,26,7,BOLIVIA,PSICOLOG÷A,9,Si,Si,Privado,No,No,No,9,10,100,44.44,22.22,77.78,66.67,55.56,0,66.67,100,55.56,55.56,55.56,55.56,100,100,100,100,66.67,66.67,100,88.89,100,100,100,100,100,0,33.33,100,100,0,0,100,66.67,0,77.78,100,100,100,100,0,100,100,77.78,77.78,66.67,66.67,0,0,55.56,100,100,0,100,0,100,100,100,66.67,55.56,55.56,77.78,100,0,100,33.33,100,100,100,100,88.89,0,100,100,100,deprecion estres y mucho malestar con migo mismo,66.67,100,100,100,100,0,0,0,12,1
pre_bol,1,1,27,7,BOLIVIA,PSICOLOG÷A,9,Si,Si,Privado,No,No,No,9,9,100,44.44,44.44,11.11,0,77.78,55.56,55.56,33.33,88.89,100,0,100,100,100,88.89,77.78,77.78,55.56,55.56,44.44,44.44,44.44,100,100,100,0,88.89,88.89,0,44.44,0,0,44.44,0,0,44.44,100,0,55.56,55.56,0,0,0,0,55.56,55.56,100,100,88.89,88.89,44.44,44.44,44.44,44.44,55.56,100,100,100,88.89,88.89,88.89,66.67,66.67,55.56,55.56,55.56,55.56,33.33,33.33,44.44,44.44,44.44,44.44,100,estrÇs y frustracion,44.44,66.67,55.56,55.56,66.67,0,0,0,12,1
pre_bol,1,1,25,5,BOLIVIA,PSICOLOG÷A,9,Si,No,Privado,No,No,No,8,9,0,100,77.78,66.67,0,77.78,0,77.78,55.56,66.67,66.67,22.22,100,100,100,55.56,55.56,55.56,100,55.56,55.56,0,0,100,100,100,100,0,0,55.56,22.22,0,100,100,100,55.56,0,44.44,77.78,100,100,33.33,77.78,100,0,66.67,55.56,44.44,44.44,44.44,100,100,100,100,33.33,33.33,33.33,33.33,33.33,33.33,0,0,0,66.67,100,100,100,100,100,100,100,44.44,44.44,22.22,100,Ansiedad y depresion,100,100,100,100,55.56,0,0,0,12,1
pre_bol,2,1,25,5,BOLIVIA,PSICOLOG÷A,9,Si,No,Publico,No,No,No,8,9,0,0,100,0,77.78,66.67,55.56,77.78,33.33,100,55.56,44.44,100,100,88.89,88.89,77.78,55.56,55.56,44.44,11.11,0,0,100,100,66.67,0,0,100,88.89,0,0,55.56,44.44,100,55.56,77.78,55.56,44.44,100,55.56,0,44.44,0,33.33,33.33,44.44,22.22,33.33,33.33,100,100,100,100,55.56,33.33,66.67,88.89,55.56,66.67,33.33,66.67,0,55.56,66.67,100,88.89,55.56,44.44,44.44,44.44,77.78,100,100,0, ,100,77.78,66.67,100,77.78,0,0,0,12,1
pre_bol,2,1,23,4,BOLIVIA,PSICOLOG÷A,10,Si,No,Privado,No,No,No,9,10,0,88.89,100,11.11,11.11,88.89,0,100,100,100,88.89,88.89,100,88.89,33.33,55.56,100,100,100,77.78,100,0,0,100,100,44.44,0,0,0,0,0,0,0,0,11.11,0,0,0,0,22.22,0,0,0,0,0,0,11.11,11.11,22.22,11.11,22.22,100,88.89,88.89,100,100,77.78,100,100,88.89,77.78,88.89,0,0,0,0,0,0,0,0,0,0,0,0,0, ,0,11.11,11.11,0,100,0,0,0,12,1
pre_bol,2,1,22,7,BOLIVIA,INGENIER÷A INDUSTRIAL,8,Si,No,Privado,No,No,No,8,10,0,0,44.44,55.56,44.44,33.33,11.11,22.22,11.11,44.44,33.33,66.67,44.44,22.22,33.33,33.33,44.44,0,22.22,11.11,11.11,33.33,44.44,66.67,55.56,22.22,0,0,33.33,88.89,55.56,0,77.78,100,33.33,22.22,66.67,44.44,22.22,22.22,44.44,44.44,44.44,22.22,22.22,33.33,55.56,55.56,33.33,44.44,33.33,22.22,22.22,22.22,22.22,44.44,44.44,33.33,44.44,33.33,22.22,11.11,11.11,22.22,11.11,11.11,44.44,66.67,44.44,44.44,77.78,11.11,88.89,44.44,44.44, ,22.22,55.56,44.44,22.22,0,0,0,0,10,2
pre_bol,1,1,24,4,BOLIVIA,INGENIER÷A DE SISTEMAS,9,Si,Si,Privado,No,No,No,8,9,0,88.89,100,55.56,88.89,100,100,88.89,100,100,100,100,100,100,88.89,100,88.89,100,88.89,100,44.44,55.56,0,88.89,88.89,55.56,0,0,0,88.89,66.67,0,0,0,66.67,88.89,100,0,0,0,0,44.44,66.67,33.33,0,77.78,66.67,100,88.89,88.89,100,100,100,100,100,0,100,100,100,100,44.44,100,66.67,0,100,0,0,66.67,0,88.89,100,100,100,100,0, ,0,88.89,88.89,0,0,0,0,0,7,2
pre_bol,1,1,23,4,BOLIVIA,INGENIER÷A DE SISTEMAS,10,Si,Si,Privado,No,No,No,9,10,66.67,66.67,22.22,11.11,33.33,11.11,0,44.44,55.56,66.67,22.22,66.67,88.89,44.44,44.44,44.44,66.67,66.67,55.56,66.67,77.78,55.56,55.56,77.78,11.11,44.44,0,33.33,22.22,44.44,33.33,0,44.44,11.11,11.11,55.56,44.44,33.33,55.56,66.67,33.33,0,0,11.11,22.22,22.22,44.44,33.33,66.67,11.11,0,55.56,33.33,66.67,55.56,11.11,66.67,55.56,22.22,66.67,55.56,66.67,0,11.11,77.78,22.22,0,0,22.22,0,0,66.67,77.78,0,0, ,66.67,33.33,44.44,33.33,11.11,0,0,0,7,2
pre_bol,1,1,29,1,BOLIVIA,INGENIER÷A DE SISTEMAS,9,Si,No,Privado,No,No,No,9,9,44.44,44.44,33.33,44.44,55.56,55.56,55.56,66.67,55.56,55.56,33.33,55.56,33.33,33.33,33.33,22.22,66.67,44.44,44.44,55.56,0,55.56,22.22,22.22,11.11,0,22.22,22.22,11.11,22.22,11.11,11.11,22.22,22.22,22.22,22.22,0,0,22.22,11.11,11.11,11.11,11.11,11.11,22.22,33.33,22.22,66.67,22.22,22.22,55.56,66.67,66.67,77.78,11.11,11.11,0,11.11,11.11,33.33,11.11,22.22,22.22,0,11.11,22.22,11.11,11.11,0,22.22,11.11,22.22,33.33,11.11,11.11,me hacen perder el tiempo,11.11,11.11,11.11,11.11,11.11,0,0,0,7,2
pre_bol,1,1,23,4,BOLIVIA,INGENIER÷A DE SISTEMAS,11,A veces,Si,Privado,No,Si,No,10,11,0,100,100,44.44,66.67,55.56,55.56,100,100,55.56,100,100,100,100,100,100,100,100,44.44,44.44,0,100,0,100,100,0,0,0,0,100,0,100,100,100,0,100,100,0,0,0,0,100,0,0,0,100,0,0,100,0,100,100,100,100,100,0,100,100,100,100,100,100,100,100,100,100,0,0,0,0,0,100,100,0,0, ,100,0,100,100,0,0,0,0,7,2
pre_bol,1,1,26,5,BOLIVIA,INGENIER÷A DE SISTEMAS,11,Si,No,Publico,No,No,No,9,11,22.22,100,77.78,77.78,22.22,44.44,0,100,0,0,100,0,88.89,100,100,100,77.78,0,77.78,88.89,22.22,100,11.11,66.67,66.67,0,0,0,55.56,100,0,0,100,100,0,77.78,100,77.78,0,100,22.22,22.22,33.33,33.33,33.33,22.22,22.22,66.67,66.67,44.44,44.44,44.44,44.44,44.44,44.44,44.44,44.44,44.44,44.44,44.44,44.44,44.44,44.44,44.44,44.44,44.44,44.44,44.44,44.44,44.44,44.44,44.44,44.44,44.44,0, ,77.78,77.78,77.78,77.78,77.78,0,0,0,7,2
pre_bol,1,1,24,6,BOLIVIA,INGENIER÷A MECATR‡NICA,10,Si,No,Privado,No,No,No,10,10,0,100,77.78,77.78,0,33.33,0,88.89,11.11,100,77.78,77.78,100,77.78,11.11,66.67,100,11.11,100,88.89,11.11,100,44.44,66.67,44.44,55.56,100,77.78,11.11,44.44,0,0,0,0,0,33.33,0,100,11.11,44.44,44.44,0,0,0,0,33.33,0,100,44.44,44.44,44.44,100,100,100,44.44,77.78,100,0,88.89,55.56,100,100,0,66.67,88.89,11.11,44.44,55.56,22.22,0,0,100,100,0,66.67,Desesperacion,100,44.44,44.44,44.44,77.78,0,0,0,11,2
pre_bol,2,1,22,5,BOLIVIA,INGENIER÷A MECATR‡NICA,9,Si,Si,Privado,No,No,No,9,10,100,0,55.56,33.33,66.67,100,0,55.56,11.11,77.78,11.11,77.78,100,100,100,100,66.67,100,77.78,88.89,88.89,0,0,100,100,66.67,0,66.67,88.89,44.44,0,0,55.56,55.56,77.78,77.78,77.78,77.78,11.11,66.67,77.78,66.67,88.89,66.67,44.44,55.56,55.56,66.67,44.44,77.78,33.33,11.11,77.78,77.78,55.56,55.56,77.78,100,100,55.56,33.33,88.89,11.11,55.56,55.56,77.78,0,0,66.67,66.67,55.56,88.89,55.56,55.56,0, ,77.78,55.56,55.56,66.67,77.78,0,0,0,11,2
pre_bol,1,1,25,4,BOLIVIA,INGENIER÷A MECATR‡NICA,9,Si,No,Privado,No,No,No,9,10,66.67,55.56,44.44,88.89,77.78,88.89,0,66.67,0,11.11,11.11,88.89,22.22,88.89,22.22,11.11,77.78,44.44,55.56,22.22,44.44,88.89,11.11,11.11,11.11,11.11,0,22.22,0,88.89,0,0,77.78,77.78,0,33.33,11.11,100,11.11,88.89,77.78,44.44,66.67,44.44,0,0,44.44,0,0,0,0,0,0,0,11.11,33.33,33.33,0,33.33,33.33,0,33.33,100,44.44,11.11,88.89,0,77.78,11.11,88.89,11.11,77.78,100,100,100, ,44.44,77.78,77.78,88.89,22.22,0,0,0,11,2
pre_bol,1,2,23,3,BOLIVIA,INGENIER÷A MECATR‡NICA,10,Si,Si,Convenio,Si,No,Si,10,11,77.78,22.22,88.89,55.56,55.56,33.33,22.22,77.78,88.89,66.67,88.89,66.67,88.89,88.89,100,100,100,88.89,88.89,100,77.78,11.11,11.11,11.11,11.11,77.78,11.11,88.89,11.11,11.11,11.11,11.11,44.44,44.44,11.11,11.11,22.22,0,0,22.22,22.22,0,22.22,33.33,0,0,11.11,88.89,55.56,44.44,88.89,100,88.89,88.89,55.56,44.44,77.78,77.78,88.89,88.89,88.89,88.89,88.89,44.44,77.78,55.56,55.56,55.56,11.11,11.11,11.11,11.11,0,0,0, ,55.56,44.44,44.44,44.44,44.44,0,0,0,11,2
"pre_bol,1,1,22,4,BOLIVIA,INGENIER÷A EN TELECOMUNICACIONES,10,Si,Si,Privado,No,No,No,10,11,0,66.67,11.11,11.11,11.11,22.22,11.11,22.22,22.22,22.22,11.11,33.33,77.78,66.67,44.44,44.44,55.56,55.56,44.44,55.56,0,0,66.67,55.56,33.33,55.56,0,66.67,55.56,66.67,66.67,0,22.22,88.89,77.78,66.67,55.56,77.78,44.44,66.67,44.44,22.22,44.44,44.44,11.11,77.78,33.33,11.11,11.11,11.11,22.22,11.11,11.11,11.11,22.22,22.22,22.22,33.33,11.11,11.11,11.11,44.44,11.11,33.33,77.78,88.89,88.89,88.89,77.78,55.56,66.67,66.67,66.67,44.44,77.78,""Estres, falta de motivacion y de apoyo"",44.44,66.67,66.67,55.56,33.33,0,0,0,8,2"
pre_bol,1,1,23,1,BOLIVIA,INGENIER÷A DE SISTEMAS,10,Si,Si,Privado,No,No,No,10,11,11.11,44.44,77.78,0,66.67,44.44,44.44,77.78,55.56,88.89,66.67,44.44,77.78,44.44,55.56,66.67,22.22,55.56,22.22,22.22,66.67,44.44,44.44,66.67,77.78,77.78,0,0,0,33.33,11.11,0,44.44,88.89,0,66.67,22.22,66.67,55.56,77.78,44.44,66.67,77.78,22.22,0,22.22,0,66.67,0,44.44,0,100,44.44,77.78,44.44,44.44,88.89,66.67,55.56,55.56,44.44,77.78,44.44,44.44,77.78,77.78,11.11,77.78,33.33,66.67,88.89,44.44,100,55.56,33.33, ,55.56,55.56,55.56,55.56,33.33,0,0,0,7,2
pre_bol,1,1,30,4,BOLIVIA,INGENIER÷A DE SISTEMAS,9,Si,No,Publico,No,No,No,9,11,0,100,55.56,100,0,33.33,0,55.56,0,22.22,44.44,77.78,22.22,100,88.89,100,33.33,22.22,44.44,0,0,0,33.33,55.56,55.56,0,11.11,33.33,66.67,88.89,11.11,0,100,66.67,100,88.89,100,77.78,77.78,66.67,66.67,100,100,100,11.11,88.89,22.22,0,11.11,11.11,0,100,0,100,66.67,77.78,88.89,77.78,66.67,66.67,11.11,66.67,100,100,100,88.89,88.89,100,100,77.78,88.89,100,100,100,88.89,estres,66.67,33.33,66.67,77.78,100,0,0,0,7,2
pre_bol,2,1,23,7,BOLIVIA,INGENIER÷A AMBIENTAL,8,Si,No,Privado,No,No,No,8,9,0,44.44,77.78,77.78,66.67,66.67,11.11,55.56,11.11,66.67,66.67,22.22,77.78,77.78,77.78,77.78,55.56,66.67,11.11,77.78,0,11.11,11.11,88.89,88.89,77.78,11.11,11.11,11.11,88.89,22.22,0,55.56,55.56,11.11,11.11,22.22,88.89,22.22,44.44,22.22,11.11,88.89,77.78,11.11,11.11,55.56,0,0,0,44.44,66.67,55.56,77.78,22.22,77.78,77.78,55.56,66.67,66.67,22.22,44.44,22.22,88.89,88.89,88.89,44.44,77.78,44.44,77.78,44.44,44.44,100,77.78,0, ,77.78,77.78,66.67,88.89,66.67,0,0,0,4,2
pre_bol,2,1,25,4,BOLIVIA,INGENIER÷A AMBIENTAL,10,Si,Si,Privado,No,No,No,9,10,0,100,33.33,33.33,33.33,33.33,33.33,33.33,33.33,33.33,33.33,33.33,33.33,33.33,33.33,33.33,33.33,33.33,33.33,33.33,33.33,33.33,44.44,33.33,33.33,33.33,33.33,33.33,33.33,33.33,33.33,33.33,33.33,33.33,33.33,33.33,33.33,33.33,33.33,33.33,33.33,33.33,33.33,100,33.33,33.33,33.33,44.44,44.44,44.44,44.44,44.44,44.44,44.44,44.44,44.44,88.89,44.44,44.44,44.44,44.44,44.44,44.44,44.44,44.44,44.44,44.44,44.44,44.44,44.44,0,44.44,44.44,44.44,44.44,ANSIEDAD,0,100,55.56,44.44,55.56,0,0,0,4,2
pre_bol,2,1,24,10,BOLIVIA,INGENIER÷A AMBIENTAL,10,Si,No,Privado,No,No,No,8,10,0,44.44,66.67,0,44.44,100,33.33,100,44.44,66.67,22.22,22.22,22.22,22.22,66.67,55.56,44.44,55.56,77.78,11.11,33.33,33.33,88.89,11.11,44.44,66.67,100,66.67,11.11,55.56,55.56,0,88.89,88.89,88.89,44.44,22.22,22.22,0,66.67,44.44,11.11,33.33,11.11,11.11,11.11,22.22,11.11,44.44,33.33,22.22,22.22,33.33,33.33,22.22,22.22,44.44,33.33,33.33,44.44,22.22,22.22,44.44,44.44,88.89,100,100,100,77.78,55.56,66.67,44.44,55.56,33.33,55.56,nerviosismo y estres,44.44,44.44,33.33,44.44,55.56,0,0,0,4,2
pre_bol,2,1,23,5,BOLIVIA,INGENIER÷A AMBIENTAL,11,Si,No,Privado,No,No,No,10,11,0,100,100,0,0,100,0,100,100,100,100,55.56,100,0,0,0,100,100,100,100,100,0,0,100,100,0,0,0,0,0,55.56,0,0,0,0,55.56,0,0,0,100,0,100,0,0,0,0,0,77.78,100,100,100,100,88.89,100,66.67,100,100,100,100,100,100,100,0,0,77.78,77.78,44.44,0,0,77.78,22.22,100,100,100,77.78,estres,100,100,77.78,0,0,0,0,0,4,2
pre_bol,2,1,22,5,BOLIVIA,INGENIER÷A AMBIENTAL,10,Si,Si,Privado,No,No,Si,9,10,0,0,77.78,44.44,22.22,33.33,33.33,44.44,66.67,44.44,66.67,22.22,77.78,77.78,22.22,55.56,44.44,33.33,55.56,55.56,44.44,0,0,66.67,66.67,44.44,0,11.11,33.33,11.11,0,100,0,0,0,44.44,77.78,66.67,0,0,0,0,11.11,11.11,0,33.33,0,33.33,0,0,0,77.78,33.33,0,66.67,0,100,66.67,66.67,66.67,0,0,0,0,22.22,0,0,0,0,0,0,100,0,0,0, ,22.22,22.22,0,55.56,11.11,0,0,0,4,2
pre_bol,1,1,24,4,BOLIVIA,INGENIER÷A AMBIENTAL,10,Si,No,Privado,No,No,No,8,10,0,100,88.89,44.44,22.22,22.22,22.22,66.67,88.89,55.56,77.78,44.44,33.33,66.67,77.78,88.89,55.56,55.56,66.67,33.33,33.33,44.44,66.67,66.67,88.89,33.33,0,22.22,11.11,22.22,22.22,11.11,66.67,33.33,22.22,44.44,100,77.78,66.67,100,88.89,11.11,44.44,33.33,0,33.33,55.56,88.89,77.78,88.89,77.78,77.78,88.89,88.89,77.78,55.56,77.78,55.56,55.56,44.44,66.67,66.67,33.33,0,33.33,22.22,44.44,33.33,33.33,66.67,55.56,88.89,88.89,11.11,66.67,depresion,66.67,55.56,77.78,77.78,44.44,0,0,0,4,2
pre_bol,2,1,23,6,BOLIVIA,INGENIER÷A AMBIENTAL,10,Si,No,Privado,No,No,No,8,11,44.44,77.78,88.89,22.22,33.33,88.89,77.78,88.89,66.67,88.89,88.89,11.11,77.78,100,100,88.89,44.44,55.56,100,88.89,44.44,66.67,77.78,100,100,66.67,55.56,0,0,33.33,11.11,0,100,100,100,77.78,77.78,55.56,22.22,77.78,66.67,22.22,0,0,0,77.78,66.67,55.56,66.67,77.78,100,100,66.67,100,22.22,55.56,77.78,100,44.44,44.44,100,100,0,0,100,100,88.89,55.56,11.11,66.67,77.78,11.11,100,0,100,depresion,100,100,88.89,88.89,33.33,0,0,0,4,2
"pre_bol,1,1,23,5,BOLIVIA,INGENIER÷A AMBIENTAL,10,Si,Si,Privado,No,No,No,8,10,100,100,100,100,77.78,100,0,0,0,77.78,77.78,0,100,77.78,44.44,44.44,100,0,100,100,66.67,11.11,22.22,66.67,100,77.78,0,0,0,0,0,0,77.78,0,88.89,100,100,0,0,88.89,0,0,77.78,0,0,100,77.78,100,77.78,66.67,0,66.67,88.89,88.89,100,77.78,88.89,66.67,0,0,66.67,77.78,33.33,0,100,77.78,100,55.56,22.22,0,0,0,100,55.56,100,""Angustia, ansiedad, estres, rabia"",66.67,22.22,66.67,88.89,44.44,0,0,0,4,2"
pre_bol,2,1,22,4,BOLIVIA,INGENIER÷A AMBIENTAL,10,Si,No,Privado,No,No,No,6,10,77.78,100,55.56,44.44,44.44,55.56,33.33,77.78,77.78,77.78,77.78,33.33,77.78,100,88.89,88.89,33.33,55.56,77.78,55.56,77.78,22.22,44.44,88.89,88.89,44.44,0,44.44,44.44,11.11,77.78,11.11,77.78,33.33,33.33,33.33,22.22,88.89,55.56,88.89,88.89,22.22,100,33.33,33.33,22.22,22.22,66.67,88.89,88.89,55.56,33.33,77.78,88.89,88.89,66.67,88.89,88.89,88.89,22.22,77.78,100,22.22,22.22,22.22,88.89,22.22,88.89,100,22.22,33.33,77.78,22.22,88.89,22.22, ,66.67,66.67,100,100,88.89,0,0,0,4,2
pre_bol,2,1,24,5,BOLIVIA,INGENIER÷A AMBIENTAL,11,Si,Si,Privado,No,No,No,9,11,22.22,100,100,0,0,55.56,0,55.56,33.33,11.11,33.33,11.11,55.56,55.56,0,100,33.33,11.11,100,0,0,100,77.78,55.56,55.56,11.11,100,0,100,100,0,0,100,100,77.78,100,100,100,77.78,66.67,66.67,77.78,22.22,55.56,0,77.78,22.22,0,11.11,11.11,11.11,100,88.89,77.78,66.67,0,55.56,33.33,33.33,33.33,11.11,11.11,66.67,44.44,77.78,100,0,22.22,22.22,44.44,44.44,100,100,77.78,77.78,tuve muchos problemas internos en mi familia que afecto que retomarÖ la universidad ya que la abandone por unos 2 semestres,77.78,77.78,88.89,100,33.33,0,0,0,4,2
"pre_bol,1,1,24,2,BOLIVIA,INGENIER÷A AMBIENTAL,10,A veces,No,Privado,No,No,No,7,10,0,100,88.89,88.89,66.67,100,0,100,100,100,22.22,0,100,100,100,0,77.78,100,100,77.78,0,0,0,77.78,0,77.78,100,33.33,22.22,100,55.56,0,0,0,100,0,100,88.89,22.22,88.89,22.22,0,0,0,0,100,100,100,100,100,100,66.67,100,100,100,100,0,100,55.56,22.22,100,100,100,0,0,0,0,0,0,0,0,100,100,100,100,""Un profundo sentimiento relacionado al desperdicio de tiempo, imaginaci¢n, talento, dinero y habilidades."",100,100,100,55.56,55.56,0,0,0,4,2"
"pre_bol,2,1,22,6,BOLIVIA,INGENIER÷A AMBIENTAL,10,Si,Si,Privado,No,No,No,9,10,100,0,22.22,66.67,77.78,22.22,22.22,66.67,55.56,44.44,44.44,11.11,77.78,88.89,88.89,66.67,77.78,55.56,55.56,66.67,88.89,11.11,88.89,77.78,66.67,66.67,0,77.78,77.78,66.67,77.78,0,88.89,88.89,77.78,88.89,55.56,100,66.67,88.89,88.89,77.78,33.33,33.33,0,55.56,55.56,22.22,11.11,11.11,22.22,11.11,22.22,77.78,66.67,77.78,77.78,22.22,11.11,22.22,55.56,33.33,66.67,44.44,77.78,100,22.22,77.78,66.67,88.89,77.78,55.56,88.89,100,88.89,""EstrÇs, ansiedad, semanas de retraso en mi periodo menstrual"",77.78,88.89,77.78,88.89,77.78,0,0,0,4,2"
pre_bol,1,1,24,7,BOLIVIA,INGENIER÷A CIVIL,10,Si,No,Publico,No,No,No,9,10,44.44,100,22.22,66.67,66.67,0,0,66.67,66.67,66.67,22.22,0,100,55.56,100,100,0,0,0,100,44.44,0,0,0,0,0,0,55.56,100,55.56,0,0,100,100,100,100,0,100,100,100,44.44,77.78,77.78,0,0,66.67,44.44,0,0,0,100,100,55.56,55.56,11.11,100,100,0,0,0,0,55.56,44.44,0,0,100,55.56,100,100,44.44,0,100,100,100,55.56,Angustia y ansiedad,100,100,100,100,100,0,0,0,5,2
pre_bol,1,1,22,6,BOLIVIA,INGENIER÷A CIVIL,9,Si,Si,Privado,No,No,No,9,10,100,77.78,77.78,44.44,44.44,66.67,22.22,77.78,77.78,77.78,77.78,77.78,66.67,77.78,77.78,77.78,77.78,77.78,77.78,66.67,100,77.78,66.67,77.78,77.78,77.78,44.44,11.11,44.44,44.44,44.44,0,66.67,0,0,66.67,66.67,44.44,55.56,55.56,55.56,55.56,33.33,0,0,0,0,77.78,77.78,77.78,77.78,77.78,77.78,77.78,77.78,77.78,77.78,77.78,55.56,77.78,77.78,77.78,0,0,0,0,0,0,0,0,0,0,0,0,0, ,77.78,33.33,33.33,66.67,0,0,0,0,5,2
pre_bol,1,1,23,5,BOLIVIA,INGENIER÷A CIVIL,9,Si,No,Privado,No,No,No,8,10,0,100,88.89,0,22.22,55.56,77.78,77.78,66.67,77.78,66.67,33.33,100,77.78,33.33,77.78,77.78,44.44,11.11,100,77.78,66.67,22.22,77.78,77.78,66.67,0,22.22,33.33,100,100,0,66.67,66.67,0,44.44,77.78,100,55.56,100,66.67,0,22.22,55.56,22.22,44.44,22.22,66.67,66.67,66.67,77.78,77.78,88.89,44.44,66.67,55.56,100,66.67,77.78,66.67,44.44,88.89,0,0,77.78,77.78,0,22.22,33.33,0,44.44,33.33,55.56,88.89,66.67,Desesperacion para conseguir un tema que me dificulto y las necesidades que exigia el jefe de carrera,77.78,88.89,77.78,77.78,66.67,0,0,0,5,2
pre_bol,1,1,23,4,BOLIVIA,INGENIER÷A CIVIL,9,Si,No,Publico,No,No,No,9,10,0,0,0,33.33,33.33,66.67,55.56,44.44,44.44,55.56,55.56,0,77.78,55.56,55.56,44.44,55.56,55.56,55.56,77.78,22.22,100,44.44,66.67,55.56,0,0,88.89,100,0,0,0,66.67,66.67,55.56,0,55.56,100,55.56,100,44.44,0,66.67,0,0,55.56,0,0,0,0,0,0,33.33,22.22,0,0,33.33,0,0,0,0,0,0,44.44,44.44,100,55.56,77.78,77.78,55.56,0,100,100,100,0, ,100,66.67,88.89,88.89,100,0,0,0,5,2
pre_bol,1,1,28,5,BOLIVIA,INGENIER÷A CIVIL,10,Si,Si,Privado,No,No,No,9,10,55.56,55.56,44.44,55.56,55.56,55.56,0,66.67,66.67,66.67,66.67,66.67,66.67,66.67,66.67,66.67,55.56,66.67,0,0,44.44,44.44,55.56,55.56,55.56,55.56,0,55.56,55.56,55.56,55.56,0,100,100,100,100,100,100,100,100,100,100,100,100,44.44,100,0,66.67,66.67,66.67,66.67,66.67,66.67,66.67,66.67,66.67,66.67,66.67,66.67,66.67,66.67,66.67,66.67,66.67,66.67,77.78,77.78,77.78,77.78,77.78,77.78,77.78,77.78,77.78,100, ,88.89,88.89,88.89,88.89,88.89,0,0,0,5,2
pre_bol,1,1,23,6,BOLIVIA,INGENIER÷A CIVIL,10,Si,No,Publico,No,No,No,10,11,0,0,55.56,55.56,66.67,11.11,11.11,55.56,66.67,11.11,44.44,11.11,88.89,100,88.89,88.89,66.67,44.44,55.56,77.78,66.67,11.11,77.78,88.89,77.78,77.78,0,11.11,66.67,44.44,22.22,0,55.56,66.67,22.22,66.67,44.44,77.78,44.44,44.44,66.67,33.33,66.67,55.56,22.22,66.67,22.22,55.56,66.67,55.56,44.44,44.44,44.44,33.33,44.44,44.44,66.67,66.67,77.78,66.67,66.67,77.78,66.67,55.56,55.56,22.22,44.44,55.56,44.44,66.67,55.56,22.22,22.22,77.78,66.67,Ansiedad,66.67,66.67,55.56,77.78,44.44,0,0,0,5,2
pre_bol,1,1,30,6,BOLIVIA,INGENIER÷A CIVIL,9,Si,Si,Privado,No,No,No,9,10,66.67,66.67,66.67,66.67,44.44,66.67,22.22,66.67,66.67,66.67,66.67,66.67,66.67,66.67,66.67,66.67,66.67,66.67,44.44,66.67,44.44,66.67,66.67,66.67,66.67,44.44,44.44,0,0,0,44.44,0,66.67,66.67,22.22,66.67,66.67,66.67,44.44,66.67,66.67,66.67,66.67,22.22,0,100,22.22,0,0,0,0,0,44.44,66.67,66.67,66.67,66.67,66.67,44.44,44.44,66.67,66.67,22.22,0,44.44,0,0,0,0,0,0,44.44,0,66.67,44.44, ,22.22,55.56,55.56,44.44,66.67,0,0,0,5,2
pre_bol,1,1,29,6,BOLIVIA,INGENIER÷A EN TELECOMUNICACIONES,10,Si,Si,Publico,No,No,No,10,11,44.44,100,88.89,66.67,77.78,44.44,44.44,66.67,55.56,77.78,77.78,88.89,66.67,77.78,66.67,88.89,66.67,55.56,55.56,55.56,66.67,55.56,77.78,88.89,88.89,66.67,55.56,0,44.44,0,0,0,33.33,33.33,0,44.44,66.67,88.89,66.67,66.67,66.67,88.89,88.89,88.89,44.44,77.78,55.56,77.78,66.67,44.44,66.67,77.78,77.78,77.78,66.67,55.56,88.89,66.67,55.56,66.67,55.56,55.56,55.56,0,55.56,55.56,11.11,66.67,66.67,77.78,44.44,44.44,55.56,77.78,77.78,Inseguridad,77.78,66.67,66.67,55.56,55.56,0,0,0,8,2
pre_bol,2,1,22,5,BOLIVIA,INGENIER÷A EN TELECOMUNICACIONES,10,Si,No,Privado,No,No,No,10,11,0,0,77.78,0,44.44,77.78,0,66.67,66.67,77.78,44.44,44.44,88.89,44.44,55.56,77.78,77.78,44.44,33.33,66.67,33.33,88.89,44.44,88.89,88.89,44.44,0,0,77.78,44.44,0,0,0,0,0,11.11,33.33,77.78,44.44,44.44,66.67,11.11,44.44,11.11,11.11,77.78,66.67,77.78,44.44,11.11,66.67,100,77.78,77.78,77.78,44.44,77.78,77.78,88.89,88.89,33.33,11.11,0,0,11.11,22.22,0,44.44,11.11,0,0,0,66.67,66.67,0, ,55.56,66.67,66.67,77.78,44.44,0,0,0,8,2
pre_bol,2,1,25,3,BOLIVIA,INGENIER÷A EN TELECOMUNICACIONES,9,A veces,No,Privado,No,No,No,9,10,0,0,88.89,55.56,55.56,33.33,0,33.33,0,0,55.56,33.33,88.89,88.89,55.56,44.44,44.44,55.56,0,77.78,22.22,11.11,77.78,55.56,11.11,11.11,100,0,0,11.11,0,0,0,0,0,11.11,44.44,44.44,22.22,0,77.78,44.44,11.11,0,0,77.78,44.44,100,0,0,77.78,100,100,55.56,66.67,44.44,88.89,11.11,11.11,11.11,0,0,0,0,11.11,44.44,0,66.67,11.11,66.67,22.22,88.89,100,100,0, ,0,22.22,11.11,11.11,22.22,0,0,0,8,2
pre_bol,1,1,22,4,BOLIVIA,INGENIER÷A CIVIL,10,Si,No,Privado,No,No,No,9,10,100,55.56,100,100,55.56,44.44,44.44,44.44,44.44,44.44,100,100,100,100,100,100,55.56,100,100,100,55.56,0,100,100,100,100,100,100,100,100,100,100,100,100,100,100,100,100,100,88.89,100,100,100,100,100,100,88.89,66.67,66.67,66.67,66.67,66.67,66.67,66.67,66.67,66.67,66.67,66.67,66.67,66.67,66.67,66.67,66.67,66.67,66.67,66.67,66.67,66.67,66.67,66.67,66.67,66.67,66.67,66.67,0, ,0,0,0,0,0,0,0,0,5,2
pre_bol,1,1,38,5,BOLIVIA,INGENIER÷A CIVIL,10,Si,Si,Privado,No,No,No,9,10,0,100,0,0,0,44.44,55.56,33.33,66.67,11.11,44.44,66.67,77.78,88.89,22.22,11.11,66.67,66.67,77.78,66.67,0,55.56,55.56,44.44,55.56,0,0,100,88.89,66.67,0,0,88.89,44.44,0,55.56,33.33,88.89,55.56,22.22,77.78,22.22,44.44,0,0,88.89,33.33,22.22,0,0,0,11.11,11.11,44.44,44.44,0,66.67,33.33,66.67,66.67,44.44,44.44,55.56,0,0,11.11,0,44.44,22.22,11.11,11.11,100,100,100,33.33, ,44.44,22.22,66.67,66.67,11.11,0,0,0,5,2
pre_bol,1,1,25,4,BOLIVIA,INGENIER÷A CIVIL,10,Si,Si,Privado,No,No,No,7,11,0,55.56,11.11,66.67,55.56,11.11,11.11,11.11,77.78,55.56,11.11,11.11,88.89,77.78,55.56,33.33,77.78,11.11,44.44,88.89,88.89,77.78,77.78,88.89,77.78,77.78,0,88.89,88.89,100,11.11,11.11,66.67,88.89,66.67,44.44,77.78,88.89,88.89,88.89,88.89,11.11,100,22.22,0,100,77.78,22.22,0,0,0,66.67,0,22.22,44.44,33.33,11.11,22.22,22.22,11.11,22.22,22.22,100,55.56,100,44.44,100,100,100,55.56,100,88.89,88.89,88.89,88.89,frustraci¢n,100,100,77.78,77.78,55.56,0,0,0,5,2
pre_bol,2,1,26,2,BOLIVIA,INGENIER÷A CIVIL,10,Si,No,Privado,No,No,No,10,11,0,0,0,77.78,0,0,0,0,0,55.56,11.11,0,0,0,0,0,0,0,0,33.33,44.44,77.78,0,0,0,0,0,100,22.22,100,0,0,100,100,11.11,44.44,100,55.56,100,100,100,0,100,44.44,0,100,0,100,0,0,0,0,0,0,0,0,100,0,0,0,0,0,100,0,100,100,100,100,100,100,100,100,100,0,100,Ansiedad,0,0,100,100,100,0,0,0,5,2
pre_bol,1,1,22,4,BOLIVIA,INGENIER÷A CIVIL,10,Si,No,Privado,No,No,No,10,10,0,100,11.11,22.22,55.56,0,11.11,22.22,66.67,33.33,33.33,0,100,22.22,66.67,0,22.22,33.33,11.11,77.78,11.11,22.22,11.11,100,100,44.44,0,77.78,100,66.67,88.89,0,44.44,44.44,44.44,100,100,33.33,100,100,55.56,0,33.33,77.78,0,11.11,44.44,0,0,0,0,55.56,22.22,0,44.44,0,100,44.44,11.11,33.33,11.11,0,0,100,100,77.78,100,100,22.22,100,100,100,100,100,22.22, ,77.78,66.67,66.67,88.89,100,0,0,0,5,2
pre_bol,2,1,27,5,BOLIVIA,INGENIER÷A CIVIL,10,Si,Si,Publico,No,Si,No,8,10,44.44,55.56,44.44,0,0,77.78,0,77.78,66.67,55.56,55.56,77.78,44.44,66.67,55.56,55.56,44.44,11.11,44.44,11.11,11.11,33.33,66.67,55.56,55.56,55.56,33.33,33.33,77.78,100,22.22,0,33.33,0,33.33,44.44,44.44,33.33,66.67,55.56,66.67,66.67,66.67,66.67,0,44.44,44.44,11.11,11.11,33.33,33.33,66.67,55.56,44.44,33.33,44.44,44.44,44.44,44.44,44.44,44.44,44.44,66.67,11.11,88.89,44.44,77.78,77.78,77.78,77.78,77.78,77.78,77.78,77.78,100,Angustia por no terminarlo a tiempo,100,77.78,77.78,55.56,55.56,0,0,0,5,2
pre_bol,2,1,24,6,BOLIVIA,INGENIER÷A INDUSTRIAL,10,Si,Si,Privado,No,No,No,9,10,100,100,77.78,44.44,0,55.56,44.44,88.89,55.56,66.67,77.78,22.22,88.89,77.78,77.78,100,77.78,55.56,77.78,77.78,11.11,44.44,11.11,88.89,66.67,66.67,0,0,0,11.11,55.56,0,66.67,66.67,55.56,77.78,66.67,66.67,0,22.22,77.78,11.11,0,22.22,0,44.44,11.11,66.67,66.67,88.89,88.89,66.67,100,100,100,0,88.89,100,33.33,44.44,0,66.67,11.11,11.11,77.78,55.56,44.44,44.44,22.22,33.33,22.22,55.56,33.33,100,88.89,Frustraci¢n,66.67,33.33,55.56,44.44,33.33,0,0,0,10,2
pre_bol,2,1,24,4,BOLIVIA,INGENIER÷A INDUSTRIAL,10,A veces,No,Privado,No,No,No,8,10,0,77.78,11.11,11.11,44.44,44.44,11.11,11.11,55.56,88.89,22.22,11.11,100,100,88.89,22.22,77.78,11.11,88.89,44.44,22.22,88.89,11.11,88.89,11.11,11.11,11.11,77.78,88.89,11.11,88.89,0,100,100,0,100,55.56,100,100,100,100,11.11,11.11,11.11,11.11,11.11,100,0,0,0,0,0,0,0,0,11.11,11.11,11.11,11.11,11.11,11.11,11.11,88.89,0,0,77.78,0,88.89,77.78,88.89,0,0,11.11,0,0, ,88.89,88.89,88.89,77.78,77.78,0,0,0,10,2
pre_bol,2,1,22,3,BOLIVIA,INGENIER÷A INDUSTRIAL,9,No,Si,Privado,No,No,No,8,9,0,100,100,0,100,100,0,100,22.22,100,100,55.56,100,100,100,100,100,77.78,100,0,88.89,0,22.22,66.67,88.89,0,0,0,0,55.56,0,0,22.22,0,0,77.78,77.78,44.44,0,77.78,0,0,0,0,0,0,33.33,100,33.33,0,0,100,100,100,100,0,77.78,77.78,55.56,66.67,0,22.22,0,0,0,0,0,0,0,11.11,0,0,33.33,33.33,44.44, ,22.22,44.44,44.44,33.33,11.11,0,0,0,10,2
pre_bol,2,1,30,3,BOLIVIA,INGENIER÷A INDUSTRIAL,10,No,Si,Privado,Si,No,Si,9,10,0,0,100,22.22,0,100,0,66.67,0,44.44,66.67,11.11,77.78,100,100,66.67,100,66.67,44.44,77.78,44.44,0,0,0,100,0,0,0,0,0,0,100,100,22.22,100,100,0,44.44,44.44,66.67,33.33,22.22,33.33,22.22,0,55.56,0,77.78,11.11,22.22,22.22,100,100,44.44,88.89,11.11,100,11.11,11.11,11.11,0,100,44.44,100,100,100,100,100,66.67,66.67,44.44,22.22,100,100,100,EstrÇs,55.56,100,100,44.44,44.44,0,0,0,10,2
pre_bol,2,2,34,4,BOLIVIA,INGENIER÷A INDUSTRIAL,10,Si,Si,Privado,No,Si,Si,9,10,0,0,22.22,0,11.11,100,0,66.67,0,66.67,33.33,0,77.78,22.22,11.11,11.11,88.89,88.89,100,100,66.67,88.89,88.89,33.33,100,100,0,33.33,22.22,0,0,100,100,100,88.89,77.78,77.78,77.78,88.89,100,100,0,44.44,0,0,100,44.44,22.22,0,11.11,0,66.67,11.11,0,0,100,100,100,44.44,0,0,11.11,100,11.11,100,100,100,100,100,100,100,100,100,100,100,Depresion emocional. Distanciamiento social. Distanciamiento familiar. Peleas familiares. Distanciamiento TOTAL de amigos y compa§eros de carrera. Frustracion conmigo misma al no poder obtener una solucion al plantemiento del problema de mi tesis.,100,100,100,44.44,66.67,0,0,0,10,2
pre_bol,2,1,22,3,BOLIVIA,INGENIER÷A INDUSTRIAL,10,Si,No,Privado,No,No,No,9,10,22.22,100,77.78,22.22,11.11,44.44,44.44,77.78,88.89,88.89,77.78,33.33,77.78,77.78,33.33,66.67,44.44,22.22,33.33,77.78,22.22,22.22,33.33,66.67,66.67,33.33,11.11,22.22,11.11,33.33,11.11,0,66.67,88.89,55.56,55.56,44.44,66.67,55.56,100,55.56,0,44.44,0,0,22.22,0,77.78,100,88.89,77.78,88.89,88.89,77.78,44.44,0,88.89,66.67,66.67,33.33,0,44.44,0,77.78,77.78,100,0,0,0,0,0,0,100,100,0, ,55.56,55.56,66.67,55.56,44.44,0,0,0,10,2
pre_bol,1,1,25,4,BOLIVIA,INGENIER÷A INDUSTRIAL,10,Si,Si,Privado,No,No,No,9,10,0,44.44,100,44.44,22.22,88.89,77.78,88.89,88.89,88.89,88.89,44.44,44.44,55.56,55.56,55.56,66.67,88.89,44.44,66.67,0,100,11.11,55.56,55.56,55.56,0,22.22,55.56,88.89,22.22,0,88.89,77.78,33.33,44.44,44.44,77.78,44.44,55.56,55.56,55.56,77.78,22.22,0,44.44,44.44,77.78,77.78,44.44,44.44,77.78,77.78,77.78,66.67,11.11,77.78,77.78,22.22,22.22,22.22,77.78,0,0,77.78,100,55.56,88.89,44.44,77.78,44.44,77.78,100,100,100,Depresi¢n!  sent°a que no serv°a para nada,77.78,77.78,55.56,77.78,44.44,0,0,0,10,2
pre_bol,1,1,23,4,BOLIVIA,INGENIER÷A INDUSTRIAL,10,Si,No,Publico,No,No,No,9,11,0,100,22.22,0,0,0,33.33,33.33,22.22,0,11.11,44.44,88.89,55.56,44.44,44.44,88.89,33.33,11.11,88.89,11.11,100,0,44.44,66.67,0,0,77.78,100,0,0,0,0,0,0,77.78,100,100,77.78,100,44.44,11.11,66.67,11.11,0,100,44.44,22.22,11.11,0,0,0,22.22,22.22,33.33,0,44.44,0,0,0,22.22,22.22,77.78,0,0,0,33.33,88.89,66.67,22.22,0,100,88.89,100,0, ,22.22,55.56,66.67,22.22,11.11,0,0,0,10,2
pre_bol,1,1,26,3,BOLIVIA,INGENIER÷A INDUSTRIAL,10,A veces,No,Privado,Si,Si,Si,9,11,22.22,77.78,77.78,66.67,88.89,55.56,22.22,66.67,0,88.89,66.67,11.11,33.33,55.56,55.56,66.67,33.33,77.78,11.11,33.33,55.56,44.44,22.22,88.89,88.89,77.78,88.89,100,0,11.11,55.56,100,88.89,88.89,88.89,100,11.11,22.22,55.56,77.78,44.44,55.56,77.78,100,0,55.56,66.67,77.78,88.89,88.89,66.67,100,77.78,88.89,77.78,22.22,88.89,66.67,88.89,100,100,55.56,55.56,33.33,66.67,44.44,77.78,55.56,66.67,88.89,88.89,44.44,100,22.22,88.89, ,77.78,88.89,77.78,100,44.44,0,0,0,10,2
pre_bol,2,1,22,4,BOLIVIA,INGENIER÷A COMERCIAL,10,Si,No,Privado,No,No,No,10,11,0,0,44.44,0,55.56,66.67,44.44,44.44,44.44,66.67,44.44,33.33,44.44,100,66.67,66.67,33.33,100,100,77.78,77.78,77.78,88.89,88.89,44.44,44.44,0,44.44,11.11,11.11,0,0,55.56,55.56,77.78,77.78,55.56,77.78,44.44,44.44,44.44,55.56,44.44,11.11,11.11,44.44,44.44,0,44.44,44.44,44.44,44.44,44.44,44.44,44.44,44.44,44.44,0,44.44,44.44,44.44,44.44,55.56,77.78,77.78,66.67,55.56,33.33,44.44,0,0,0,0,0,77.78,angustia,55.56,44.44,77.78,77.78,77.78,0,0,0,6,3
pre_bol,2,1,24,5,BOLIVIA,INGENIER÷A COMERCIAL,9,Si,No,Privado,No,No,No,9,10,0,100,88.89,44.44,66.67,77.78,44.44,66.67,66.67,66.67,55.56,66.67,55.56,77.78,77.78,77.78,55.56,66.67,66.67,66.67,55.56,44.44,44.44,55.56,44.44,66.67,77.78,11.11,55.56,55.56,33.33,11.11,66.67,44.44,44.44,55.56,33.33,66.67,33.33,66.67,55.56,55.56,44.44,55.56,22.22,55.56,44.44,66.67,55.56,66.67,44.44,77.78,77.78,66.67,55.56,44.44,77.78,33.33,55.56,44.44,55.56,66.67,44.44,22.22,55.56,66.67,55.56,66.67,33.33,55.56,22.22,55.56,33.33,33.33,22.22, ,44.44,66.67,66.67,44.44,33.33,0,0,0,6,3
pre_bol,1,1,23,4,BOLIVIA,INGENIER÷A COMERCIAL,8,Si,No,Privado,No,No,No,8,9,0,88.89,77.78,88.89,11.11,22.22,11.11,11.11,77.78,77.78,77.78,22.22,77.78,88.89,88.89,88.89,77.78,77.78,66.67,88.89,77.78,88.89,77.78,88.89,88.89,88.89,88.89,88.89,88.89,88.89,88.89,0,44.44,0,0,0,77.78,77.78,22.22,22.22,88.89,77.78,77.78,11.11,55.56,55.56,55.56,11.11,22.22,33.33,33.33,44.44,77.78,44.44,33.33,77.78,77.78,77.78,55.56,33.33,44.44,55.56,33.33,33.33,44.44,22.22,44.44,77.78,77.78,22.22,77.78,22.22,77.78,33.33,0, ,0,88.89,88.89,77.78,33.33,0,0,0,6,3
pre_bol,2,1,21,5,BOLIVIA,INGENIER÷A COMERCIAL,9,Si,No,Privado,Si,No,No,9,10,0,44.44,88.89,44.44,44.44,44.44,88.89,77.78,77.78,44.44,88.89,88.89,88.89,88.89,77.78,88.89,77.78,88.89,88.89,88.89,88.89,44.44,44.44,88.89,88.89,88.89,0,0,0,44.44,44.44,0,44.44,44.44,44.44,44.44,44.44,44.44,11.11,11.11,11.11,11.11,11.11,11.11,44.44,44.44,11.11,88.89,88.89,55.56,77.78,77.78,88.89,77.78,88.89,44.44,44.44,44.44,44.44,44.44,55.56,55.56,0,22.22,22.22,88.89,22.22,22.22,22.22,22.22,22.22,11.11,44.44,44.44,22.22, ,44.44,22.22,22.22,22.22,22.22,0,0,0,6,3
pre_bol,1,1,22,3,BOLIVIA,INGENIER÷A COMERCIAL,7,A veces,Si,Privado,No,No,No,7,8,44.44,77.78,88.89,44.44,44.44,44.44,0,44.44,0,44.44,66.67,44.44,66.67,77.78,44.44,44.44,44.44,0,0,44.44,0,44.44,44.44,100,100,100,0,22.22,44.44,100,44.44,0,0,0,0,0,44.44,44.44,44.44,66.67,33.33,66.67,44.44,0,44.44,100,44.44,44.44,44.44,55.56,33.33,55.56,33.33,44.44,22.22,22.22,55.56,22.22,44.44,77.78,33.33,55.56,33.33,77.78,44.44,44.44,66.67,44.44,44.44,55.56,33.33,44.44,55.56,44.44,33.33, ,44.44,44.44,44.44,44.44,11.11,0,0,0,6,3
pre_bol,2,1,22,4,BOLIVIA,INGENIER÷A COMERCIAL,8,Si,No,Privado,No,No,No,8,9,0,100,22.22,0,22.22,0,0,44.44,66.67,22.22,22.22,22.22,100,100,77.78,0,88.89,0,66.67,0,0,0,0,100,0,55.56,0,100,100,100,0,0,100,100,100,100,11.11,100,77.78,77.78,55.56,11.11,88.89,0,0,100,0,0,0,0,0,100,66.67,0,100,100,100,0,0,0,0,0,100,66.67,100,11.11,0,100,100,77.78,100,0,100,100,100,etres y depresion,44.44,88.89,88.89,100,0,0,0,0,6,3
pre_bol,2,1,25,6,BOLIVIA,INGENIER÷A COMERCIAL,8,Si,No,Privado,No,No,No,8,9,0,100,55.56,77.78,55.56,100,88.89,100,100,88.89,33.33,100,77.78,77.78,88.89,100,22.22,33.33,33.33,77.78,100,100,100,77.78,66.67,100,100,88.89,88.89,88.89,88.89,0,77.78,100,88.89,77.78,100,100,88.89,0,88.89,100,22.22,55.56,0,88.89,0,0,11.11,0,0,100,55.56,55.56,77.78,0,100,100,0,0,77.78,100,100,0,77.78,100,77.78,77.78,33.33,100,100,100,100,100,100,trastorno alimenticio,100,100,100,33.33,11.11,0,0,0,6,3
pre_bol,1,1,23,5,BOLIVIA,INGENIER÷A COMERCIAL,10,Si,Si,Privado,No,No,No,10,11,0,0,77.78,0,0,55.56,0,44.44,22.22,33.33,33.33,33.33,44.44,44.44,33.33,33.33,77.78,44.44,44.44,11.11,0,100,0,66.67,66.67,66.67,0,11.11,100,66.67,11.11,0,0,0,55.56,44.44,55.56,0,11.11,44.44,33.33,44.44,33.33,22.22,0,44.44,44.44,77.78,11.11,11.11,77.78,77.78,77.78,77.78,77.78,77.78,77.78,66.67,22.22,55.56,55.56,55.56,55.56,55.56,33.33,33.33,33.33,33.33,33.33,44.44,44.44,44.44,44.44,55.56,0, ,11.11,11.11,11.11,11.11,11.11,0,0,0,6,3
pre_bol,2,1,24,4,BOLIVIA,INGENIER÷A COMERCIAL,9,Si,No,Privado,No,No,No,9,10,0,100,22.22,0,0,33.33,0,44.44,44.44,11.11,33.33,33.33,88.89,66.67,66.67,77.78,88.89,44.44,11.11,55.56,44.44,0,0,77.78,77.78,22.22,66.67,55.56,66.67,55.56,0,0,66.67,66.67,11.11,66.67,77.78,100,44.44,33.33,33.33,66.67,33.33,11.11,0,88.89,44.44,0,0,0,0,77.78,11.11,11.11,33.33,0,88.89,0,0,0,22.22,44.44,66.67,0,0,77.78,0,22.22,33.33,0,22.22,88.89,100,100,11.11, ,100,100,100,66.67,88.89,0,0,0,6,3
pre_bol,2,1,22,5,BOLIVIA,INGENIER÷A COMERCIAL,8,Si,No,Privado,No,No,No,8,9,77.78,0,0,0,0,55.56,77.78,66.67,66.67,0,44.44,11.11,100,100,55.56,100,55.56,88.89,100,44.44,66.67,44.44,77.78,77.78,55.56,0,0,44.44,100,88.89,77.78,0,66.67,0,0,88.89,11.11,100,88.89,77.78,77.78,0,66.67,0,100,88.89,100,0,0,0,55.56,0,0,0,44.44,44.44,66.67,88.89,44.44,44.44,77.78,77.78,88.89,0,100,0,0,0,77.78,0,77.78,0,100,44.44,44.44, ,100,100,100,100,100,0,0,0,6,3
pre_bol,1,1,21,5,BOLIVIA,ADMINISTRACI‡N DE EMPRESAS,8,Si,No,Privado,No,No,No,8,8,77.78,22.22,88.89,33.33,33.33,66.67,77.78,77.78,44.44,100,66.67,100,100,88.89,77.78,88.89,88.89,77.78,100,77.78,77.78,33.33,33.33,22.22,77.78,0,0,88.89,100,0,0,0,11.11,11.11,0,11.11,100,44.44,22.22,33.33,0,0,0,0,0,77.78,0,11.11,0,0,11.11,100,77.78,88.89,44.44,66.67,100,88.89,100,100,44.44,44.44,100,0,0,0,0,0,0,0,0,44.44,44.44,44.44,0, ,22.22,22.22,22.22,11.11,11.11,0,0,0,1,3
pre_bol,2,1,23,4,BOLIVIA,INGENIER÷A COMERCIAL,8,Si,No,Privado,No,No,No,8,9,22.22,44.44,33.33,55.56,66.67,66.67,22.22,44.44,44.44,44.44,66.67,55.56,66.67,88.89,77.78,77.78,77.78,66.67,44.44,77.78,66.67,22.22,22.22,66.67,77.78,66.67,0,11.11,11.11,33.33,11.11,0,11.11,44.44,11.11,11.11,11.11,55.56,22.22,44.44,44.44,11.11,11.11,11.11,0,0,0,44.44,44.44,0,44.44,44.44,44.44,44.44,33.33,44.44,66.67,44.44,44.44,44.44,22.22,44.44,22.22,77.78,77.78,88.89,66.67,66.67,22.22,0,0,0,66.67,66.67,0, ,44.44,44.44,44.44,44.44,44.44,0,0,0,6,3
pre_bol,2,1,23,4,BOLIVIA,INGENIER÷A COMERCIAL,10,Si,No,Privado,No,No,No,10,11,0,100,66.67,55.56,44.44,66.67,44.44,33.33,66.67,55.56,88.89,33.33,55.56,100,88.89,33.33,44.44,77.78,11.11,88.89,22.22,11.11,22.22,33.33,55.56,55.56,0,66.67,0,33.33,11.11,0,0,0,0,11.11,55.56,100,66.67,33.33,44.44,55.56,66.67,33.33,88.89,55.56,44.44,11.11,11.11,11.11,44.44,88.89,44.44,44.44,55.56,77.78,66.67,22.22,22.22,22.22,0,0,88.89,100,100,100,55.56,66.67,44.44,55.56,55.56,44.44,44.44,44.44,11.11, ,22.22,33.33,44.44,55.56,44.44,0,0,0,6,3
pre_bol,2,1,21,4,BOLIVIA,INGENIER÷A COMERCIAL,8,Si,Si,Privado,No,No,No,8,9,0,44.44,100,0,44.44,100,44.44,88.89,77.78,100,100,77.78,88.89,100,100,100,100,88.89,88.89,88.89,66.67,55.56,0,100,100,100,0,100,100,44.44,11.11,0,22.22,22.22,22.22,44.44,44.44,33.33,33.33,44.44,44.44,22.22,77.78,77.78,66.67,55.56,77.78,100,88.89,88.89,88.89,88.89,77.78,77.78,88.89,77.78,88.89,77.78,77.78,44.44,77.78,55.56,66.67,55.56,88.89,55.56,77.78,66.67,77.78,77.78,66.67,77.78,77.78,77.78,11.11,nervios,66.67,77.78,77.78,77.78,66.67,0,0,0,6,3
pre_bol,2,1,22,5,BOLIVIA,INGENIER÷A COMERCIAL,9,Si,No,Privado,No,No,No,9,10,22.22,0,11.11,0,11.11,0,22.22,44.44,22.22,11.11,11.11,11.11,44.44,44.44,44.44,55.56,55.56,55.56,33.33,11.11,0,22.22,55.56,55.56,55.56,66.67,66.67,11.11,55.56,33.33,55.56,66.67,77.78,66.67,88.89,88.89,77.78,77.78,88.89,55.56,55.56,11.11,66.67,11.11,66.67,55.56,55.56,44.44,55.56,55.56,66.67,55.56,55.56,66.67,66.67,55.56,66.67,66.67,55.56,55.56,77.78,66.67,66.67,66.67,66.67,55.56,55.56,66.67,55.56,55.56,66.67,55.56,55.56,66.67,0, ,22.22,66.67,66.67,66.67,22.22,0,0,0,6,3
pre_bol,2,1,23,5,BOLIVIA,INGENIER÷A COMERCIAL,9,Si,No,Privado,No,No,No,9,10,0,100,44.44,11.11,66.67,44.44,44.44,77.78,55.56,66.67,22.22,55.56,77.78,100,66.67,77.78,22.22,55.56,77.78,55.56,11.11,22.22,0,77.78,55.56,66.67,0,44.44,44.44,77.78,11.11,0,11.11,11.11,77.78,11.11,100,100,77.78,66.67,55.56,11.11,11.11,66.67,0,33.33,55.56,0,0,0,0,33.33,0,0,44.44,33.33,66.67,0,11.11,33.33,44.44,66.67,77.78,55.56,66.67,22.22,66.67,0,0,0,0,11.11,66.67,66.67,0, ,0,55.56,55.56,33.33,66.67,0,0,0,6,3
pre_bol,1,1,23,4,BOLIVIA,INGENIER÷A COMERCIAL,9,Si,No,Privado,No,No,No,9,10,77.78,77.78,77.78,44.44,22.22,55.56,55.56,55.56,66.67,66.67,44.44,55.56,77.78,66.67,44.44,44.44,77.78,77.78,77.78,55.56,44.44,44.44,33.33,77.78,77.78,77.78,77.78,22.22,22.22,33.33,33.33,22.22,22.22,11.11,55.56,77.78,33.33,77.78,44.44,77.78,77.78,33.33,44.44,44.44,22.22,55.56,77.78,77.78,55.56,66.67,55.56,66.67,77.78,77.78,77.78,66.67,77.78,33.33,55.56,33.33,33.33,22.22,22.22,33.33,33.33,44.44,55.56,55.56,55.56,55.56,55.56,66.67,55.56,44.44,55.56, ,44.44,44.44,44.44,44.44,22.22,0,0,0,6,3
"pre_bol,2,1,23,4,BOLIVIA,INGENIER÷A COMERCIAL,8,Si,No,Privado,No,No,No,8,9,0,0,0,55.56,11.11,0,0,0,22.22,22.22,0,0,88.89,88.89,88.89,55.56,77.78,0,0,55.56,11.11,100,100,100,100,100,0,100,77.78,66.67,0,0,77.78,77.78,77.78,77.78,77.78,100,100,66.67,100,0,100,55.56,0,100,55.56,0,0,0,0,88.89,0,0,11.11,11.11,100,0,0,0,22.22,66.67,0,100,100,100,100,88.89,100,100,100,100,100,100,100,""estres,anciedad,panico"",100,100,100,100,100,0,0,0,6,3"
pre_bol,1,1,22,4,BOLIVIA,INGENIER÷A COMERCIAL,9,Si,No,Privado,No,No,No,9,10,0,88.89,88.89,66.67,44.44,66.67,55.56,77.78,77.78,77.78,88.89,66.67,66.67,88.89,100,100,77.78,66.67,33.33,100,33.33,0,0,100,100,88.89,0,0,0,0,0,0,0,0,11.11,0,0,0,66.67,66.67,77.78,77.78,77.78,100,0,44.44,66.67,0,0,0,44.44,100,100,100,100,44.44,100,100,100,66.67,66.67,88.89,11.11,44.44,66.67,88.89,33.33,33.33,22.22,22.22,22.22,55.56,44.44,0,0, ,44.44,77.78,77.78,77.78,22.22,0,0,0,6,3
pre_bol,2,1,23,6,BOLIVIA,INGENIER÷A COMERCIAL,9,Si,Si,Privado,No,No,No,9,10,55.56,0,100,33.33,44.44,44.44,0,22.22,22.22,44.44,66.67,100,100,100,88.89,77.78,77.78,66.67,44.44,55.56,55.56,11.11,66.67,66.67,66.67,66.67,66.67,66.67,66.67,11.11,55.56,55.56,55.56,55.56,44.44,55.56,66.67,33.33,66.67,55.56,44.44,55.56,44.44,55.56,44.44,66.67,55.56,55.56,33.33,77.78,77.78,66.67,55.56,55.56,44.44,66.67,44.44,44.44,66.67,44.44,66.67,55.56,44.44,55.56,77.78,55.56,66.67,55.56,88.89,44.44,55.56,77.78,44.44,77.78,44.44,MUY LARGO,44.44,66.67,22.22,77.78,66.67,0,0,0,6,3
pre_bol,2,1,22,5,BOLIVIA,INGENIER÷A FINANCIERA,9,Si,No,Privado,No,No,No,8,9,0,0,0,0,22.22,44.44,33.33,66.67,100,44.44,55.56,11.11,100,100,100,77.78,55.56,44.44,88.89,88.89,22.22,77.78,0,100,0,77.78,100,100,100,33.33,0,0,88.89,33.33,77.78,88.89,77.78,100,88.89,66.67,100,11.11,100,100,0,55.56,44.44,0,0,0,0,44.44,0,100,66.67,33.33,100,33.33,0,11.11,0,44.44,0,77.78,77.78,55.56,11.11,22.22,100,11.11,66.67,22.22,100,44.44,77.78,ansiedad,55.56,66.67,66.67,11.11,0,0,0,0,9,3
"pre_bol,2,1,22,4,BOLIVIA,INGENIER÷A FINANCIERA,10,Si,No,Privado,No,No,No,9,10,0,100,77.78,0,0,22.22,0,66.67,100,100,77.78,88.89,100,100,55.56,100,100,44.44,100,100,88.89,0,0,100,100,22.22,0,22.22,33.33,0,55.56,0,44.44,11.11,22.22,77.78,44.44,100,66.67,100,44.44,11.11,55.56,100,0,0,0,100,11.11,0,77.78,100,11.11,44.44,66.67,0,100,100,100,33.33,0,22.22,55.56,77.78,100,100,55.56,55.56,55.56,0,22.22,0,88.89,88.89,88.89,""ansiedad, preocupacion"",100,88.89,88.89,55.56,88.89,0,0,0,9,3"
pre_bol,2,1,23,6,BOLIVIA,INGENIER÷A FINANCIERA,9,Si,No,Privado,No,No,No,8,10,33.33,88.89,66.67,77.78,44.44,55.56,55.56,55.56,55.56,66.67,77.78,77.78,77.78,100,77.78,77.78,44.44,55.56,55.56,100,44.44,22.22,0,44.44,44.44,55.56,0,44.44,44.44,11.11,0,0,0,0,55.56,66.67,33.33,66.67,66.67,66.67,66.67,11.11,55.56,33.33,0,11.11,66.67,44.44,33.33,22.22,22.22,66.67,55.56,66.67,44.44,77.78,77.78,77.78,44.44,44.44,66.67,66.67,11.11,0,88.89,88.89,11.11,77.78,77.78,22.22,11.11,55.56,100,100,11.11, ,66.67,66.67,88.89,88.89,22.22,0,0,0,9,3
pre_bol,2,1,20,5,BOLIVIA,INGENIER÷A FINANCIERA,10,Si,No,Privado,No,No,No,9,10,100,0,66.67,0,0,55.56,33.33,77.78,44.44,55.56,66.67,11.11,22.22,88.89,55.56,55.56,88.89,55.56,55.56,66.67,66.67,0,0,44.44,44.44,11.11,0,44.44,44.44,77.78,22.22,0,77.78,77.78,11.11,55.56,77.78,88.89,44.44,33.33,33.33,0,22.22,11.11,0,77.78,77.78,77.78,66.67,22.22,0,33.33,55.56,44.44,66.67,0,44.44,55.56,55.56,44.44,22.22,22.22,0,0,66.67,44.44,66.67,66.67,22.22,55.56,11.11,88.89,100,100,100,ESTRêS Y ANSIEDAD,66.67,77.78,77.78,100,100,0,0,0,9,3
pre_bol,2,1,22,5,BOLIVIA,INGENIER÷A FINANCIERA,9,Si,No,Privado,No,No,No,8,9,66.67,66.67,44.44,66.67,22.22,44.44,0,55.56,55.56,55.56,66.67,77.78,77.78,55.56,55.56,55.56,55.56,33.33,22.22,77.78,55.56,44.44,11.11,55.56,55.56,22.22,0,33.33,22.22,11.11,33.33,0,0,0,0,0,44.44,88.89,11.11,55.56,22.22,0,0,0,0,100,22.22,0,0,0,0,0,0,55.56,0,55.56,11.11,0,0,77.78,0,0,55.56,0,33.33,22.22,0,0,0,0,0,55.56,66.67,55.56,0, ,0,22.22,22.22,33.33,0,0,0,0,9,3
pre_bol,2,1,22,6,BOLIVIA,INGENIER÷A FINANCIERA,9,Si,No,Privado,No,No,No,8,9,0,0,22.22,66.67,0,0,0,22.22,66.67,55.56,77.78,55.56,77.78,77.78,55.56,33.33,55.56,33.33,33.33,77.78,0,22.22,11.11,66.67,55.56,77.78,0,11.11,0,0,0,0,0,0,0,0,0,33.33,55.56,55.56,33.33,0,0,22.22,22.22,44.44,77.78,0,0,0,0,0,0,55.56,0,55.56,11.11,0,0,77.78,0,0,44.44,0,33.33,66.67,0,0,0,0,0,66.67,88.89,44.44,0, ,0,22.22,22.22,22.22,0,0,0,0,9,3
